Rank,Movie_Title,Release_Date,Box_Office,Box_Office_Share,Cumulative_Box_Office,Audience,Cumulative_Audience,Screens,Showings,Main_Nationality,Nationality,Production_Company,Distributor,Rating,Genre,Director,Actors,movieCd,fd_rank,w1_rank,w2_rank,w1_au,w2_au,w3_au
107.0,에브리씽 에브리웨어 올 앳 원스,2022-10-12,4090246749.0,0.002,4090246749.0,385617.0,385617.0,620.0,31001.0,미국,미국,,워터홀컴퍼니(주),15세이상관람가,"액션,코미디","다니엘 콴,다니엘 쉐이너트","양자경,스테파니 수,키 호이 콴,제이미 리 커티스",20226798,7,3,4,66821,126221,189802
108.0,상견니,2023-01-25,3817249538.0,0.001,3817249538.0,384476.0,384476.0,699.0,34290.0,대만,대만,,"오드,리바이브콘텐츠 주식회사,씨제이 씨지브이(CJ CGV)(주)",15세이상관람가,"드라마,판타지,멜로/로맨스",황천인,"가가연,허광한,시백우",20229551,3,4,5,170712,255613,309559
110.0,도그데이즈,2024-02-07,3574759608.0,0.001,3574759608.0,368095.0,368095.0,847.0,27553.0,한국,한국,(주)씨제이이엔엠,(주)씨제이이엔엠,12세이상관람가,드라마,김덕민,"윤여정,유해진,김윤진,정성화,김서형,다니엘 헤니,이현우,탕준상,윤채나,김고은",20212668,4,4,6,279084,353291,366256
111.0,더 넌 2,2023-09-27,3754295273.0,0.001,3754295273.0,360743.0,360743.0,720.0,20965.0,미국,미국,,워너브러더스 코리아(주),15세이상관람가,공포(호러),마이클 차베즈,"타이사 파미가,보니 아론스,조나스 블로켓,안나 팝플웰",20234281,3,5,5,262489,325806,353993
112.0,탄생,2022-11-30,3189107816.0,0.001,3189107816.0,356229.0,356229.0,690.0,20954.0,한국,한국,"민영화사,가톨릭문화원 ALMA ART","씨제이 씨지브이(CJ CGV)(주),(주)레드아이스 엔터테인먼트",12세이상관람가,드라마,박흥식,"윤시윤,안성기,윤경호,이문식,이호원,이경영,신정근,송지연,하경,김광규,임현수,김승훈,박지훈,성혁,백지원,최무성,차청화,남다름,이준혁,강말금,김강우,정유미,강덕중,송길호,정준환,송훈,한창현,이문빈,고봉구,김동현,이승훈,조재룡,최윤우,한바다,김용태,이경훈,최로운,최민주,김형도,김나운,나기수,강두,박주연,장민영,김여준,공현지,이용이,김대종,이호영,이용헌,오현진,김성수,김재훈,신성용,고해성,전운종,김기현,김주헌,장용원,황수진,양정인,윤지애",20210364,5,3,4,144351,265689,310216
113.0,소풍,2024-02-07,3109931943.0,0.001,3109931943.0,349974.0,349974.0,729.0,24453.0,한국,한국,(주)로케트필름,롯데컬처웍스(주)롯데엔터테인먼트,12세이상관람가,드라마,김용균,"나문희,김영옥,박근형,류승수,이항나,공상아,임지규,최선자,이용이,한태일,곽자형,정혜자,나호숙,차희,신예서,엄주연,이주미,황효은,나은미,허종오,장재용,조형우,성병숙",20231415,3,5,5,187360,266971,309377
114.0,인투 더 월드,2024-01-10,3170264916.0,0.001,3170264916.0,348438.0,348438.0,839.0,27036.0,미국,미국,,유니버설픽쳐스인터내셔널 코리아(유),전체관람가,애니메이션,벤자민 레너,"엘리자베스 뱅크스,캐롤 케인,아콰피나,쿠마일 난지아니",20235583,5,5,5,160614,257182,314330
115.0,버즈 라이트이어,2022-06-15,3511804460.0,0.001,3511804460.0,344774.0,344774.0,844.0,21869.0,미국,미국,,월트디즈니컴퍼니코리아 유한책임회사,전체관람가,"애니메이션,액션,어드벤처",앵거스 맥클레인,"크리스 에반스,타이카 와이티티,피터 손",20223839,4,4,6,229326,292415,333752
116.0,웅남이,2023-03-22,2868959071.0,0.001,2868959071.0,314241.0,314241.0,829.0,36060.0,한국,한국,(주)영화사김치,씨제이 씨지브이(CJ CGV)(주),15세이상관람가,"코미디,액션",박성광,"박성웅,최민수,오달수,염혜란,윤제문,이이경,백지혜,서동원,한다솔,정우성,안일권,김기천,변진수,최선자,양주호,곽민호,장덕출,김광식,김종구,노기홍,정규석,정기욱,고덕원,이서율,박강토,양동혁,오지영,설도희,김미성,이광훈,허진성,이성하,정현옥,전지학,유병선,김인석,이얀,하회정,한상경,전재현,강준규,김대근,곽기훈,문웅기,류한종,이민교,양해준,박건주,소계원,장두경,송인준,인선호,문기환,정우철,장효준,정유동,노일환,홍기주,서현우",20210544,2,2,4,198258,277114,301617
117.0,거미집,2023-09-27,3003379576.0,0.001,3003379576.0,313686.0,313686.0,1058.0,27130.0,한국,한국,앤솔로지스튜디오(주),(주)바른손이앤에이,15세이상관람가,"코미디,드라마",김지운,"송강호,임수정,오정세,전여빈,정수정,박정수,장영남,정우성,엄태구,염혜란,김민재,김동영,김재건,장광,정인기,장남열,정기섭,김중희,김문학,조승구,이혜아,김홍국,이선우,조지승,조윤담,한서울,유민주,노아림,정미형,남지우,허영진,채하니",20223896,4,7,6,265637,300738,311013
118.0,던전 앤 드래곤: 도적들의 명예,2023-03-29,2935281137.0,0.001,2935281137.0,293760.0,293760.0,1105.0,34065.0,미국,미국,,롯데컬처웍스(주)롯데엔터테인먼트,12세이상관람가,"액션,어드벤처,판타지",,"크리스 파인,미셸 로드리게즈,레게-장 페이지,저스티스 스미스,소피아 릴리스,휴 그랜트",20226410,2,2,4,201464,276378,292065
119.0,극장판 스파이 패밀리 코드 : 화이트,2024-03-20,2818495887.0,0.001,2818495887.0,282832.0,282832.0,917.0,26067.0,일본,일본,,"(주)넥스트엔터테인먼트월드(NEW),(주)대교 미디어콘텐츠사업본부",12세이상관람가,애니메이션,카타기리 타카시,"에구치 타쿠야,타네자키 아츠미,하야미 사오리",20236714,2,3,5,184506,240575,264054
121.0,용감한 시민,2023-10-25,2448332472.0,0.001,2448332472.0,267371.0,267371.0,887.0,30454.0,한국,한국,"스튜디오엔(주),볼미디어(주)",(주)마인드마크,15세이상관람가,"액션,드라마",박진표,"신혜선,이준영,박정우,박혁권,차청화,손숙,이중옥,이찬형,동효희,남정우,장혜조,김경룡,김소희,김정호,김혜화,김동혁,이필라,하경민,이주미",20224517,2,3,5,202133,254280,263384
122.0,화란,2023-10-11,2515803090.0,0.001,2515803090.0,264050.0,264050.0,976.0,35554.0,한국,한국,(주)사나이픽처스,플러스엠 엔터테인먼트,15세이상관람가,드라마,김창훈,"홍사빈,송중기,김형서,정재광,유성주,박보경,김종수,서동갑,홍서백,정만식,김홍파,표동준,정용주,이종욱,박수영,유수정,노승우,서문호,이재한,강희제,이관민,조승연,김진우,김문학,박인규",20227626,2,2,6,188757,247681,255986
123.0,크리에이터,2023-10-03,2775280272.0,0.001,2775280272.0,262823.0,262823.0,878.0,25149.0,미국,미국,,월트디즈니컴퍼니코리아 유한책임회사,12세이상관람가,"SF,액션",가렛 에드워즈,"존 데이비드 워싱턴,젬마 찬",20233879,3,4,7,216084,250971,260156
125.0,옥수역귀신,2023-04-19,2744049700.0,0.001,2744049700.0,256520.0,256520.0,314.0,13683.0,한국,"한국,일본",(주)영화사조아,(주)스마일이엔티,15세이상관람가,"공포(호러),미스터리",정용기,"김보라,서제광,김재현,신소율,김강일,김수진,김광현,김나윤,김은민,유채련,한희택,조연호,진대연,이종성,엄채윤,박노아,이수아,박세정,한여름,최호영,강지혜,현명한,소계원,김종원,이채훈,김수현,홍성민,황지후,김구택,장준휘,박재한,이원희",20225865,3,4,5,93135,170774,229275
127.0,아임 히어로 더 파이널,2023-03-01,6059713000.0,0.002,6059713000.0,250702.0,250702.0,146.0,8897.0,한국,한국,씨제이포디플렉스 주식회사,"씨제이포디플렉스 주식회사,CGV ICECON",전체관람가,"공연,다큐멘터리",오윤동,임영웅,20230495,4,4,5,152974,191739,216330
128.0,DC 리그 오브 슈퍼-펫,2022-08-10,2322641159.0,0.001,2322641159.0,248798.0,248798.0,585.0,13069.0,미국,미국,,워너브러더스 코리아(주),전체관람가,"애니메이션,액션,어드벤처","자레드 스턴,샘 레빈","드웨인 존슨,케빈 하트,키아누 리브스,존 크래신스키",20224965,4,6,7,171875,224369,238577
130.0,데드맨,2024-02-07,2272468704.0,0.001,2272468704.0,238235.0,238235.0,800.0,19490.0,한국,한국,"(주)팔레트픽처스,(주)사람엔터테인먼트",플러스엠 엔터테인먼트,15세이상관람가,범죄,하준원,"조진웅,김희애,이수경,권영주",20211477,2,6,8,208248,236304,238164
131.0,소울메이트,2023-03-15,2268860069.0,0.001,2268860069.0,234885.0,234885.0,749.0,28271.0,한국,한국,"클라이맥스 스튜디오(주),(주)앤드마크,(주)스튜디오앤뉴,(주)키이스트",(주)넥스트엔터테인먼트월드(NEW),12세이상관람가,드라마,민용근,"김다미,전소니,변우석,장혜진,박충선,허지나,류지안,강말금,현봉식,이현균,오민애,정수지,김정현,박지연,박진수,이석형,박경은,임영주,조대희,어성욱,김동인,안현정,박정환,임정균,리우진,김나윤,채윤희,조수연,김미소,김남규,이종훈,곽진석,우정환,황우상,이광호,신치영,최교식,이강진,김기정,나규비,김환영,황자능,이정철,석예린,이류경,원서영,황지선,오채은,강민지,김동원,박성연,김새벽,이유진,김경애,박찬우",20197654,2,3,6,133713,193894,224286
132.0,극장판 헬로카봇: 수상한 마술단의 비밀,2022-09-28,2160350817.0,0.001,2160350817.0,231236.0,231236.0,790.0,12769.0,한국,한국,"(주)초이락컨텐츠컴퍼니,스튜디오더블유바바(주)",롯데컬처웍스(주)롯데엔터테인먼트,전체관람가,애니메이션,"최신규,이슬기,정승원","이지현,조경이,김용준,양정화,조경이,엄상현,홍범기,사문영,송준석,이정구,이장원,강시현,이현,원에스더",20226670,6,7,12,145986,198777,215619
133.0,메간,2023-01-25,2331686898.0,0.001,2331686898.0,230874.0,230874.0,704.0,21067.0,미국,미국,,유니버설픽쳐스인터내셔널 코리아(유),15세이상관람가,"공포(호러),스릴러,코미디",제라드 존스톤,"앨리슨 윌리암스,바이올렛 맥그로우",20229205,5,7,8,142570,207364,226270
135.0,나폴레옹,2023-12-06,2261510673.0,0.001,2261510673.0,227978.0,227978.0,822.0,18114.0,미국,미국,,소니픽쳐스엔터테인먼트코리아주식회사극장배급지점,15세이상관람가,"전쟁,드라마",리들리 스콧,"호아킨 피닉스,바네사 커비",20235098,3,3,5,162570,218884,222506
136.0,젠틀맨,2022-12-28,2117151503.0,0.001,2117151503.0,224718.0,224718.0,751.0,16008.0,한국,한국,"(주)트릭스터,주식회사 에이치앤드엔터테인먼트",플러스엠 엔터테인먼트,15세이상관람가,범죄,김경원,"정혜자,주지훈,박성웅,최성은,강홍석,이달,박혜은,권한솔,이서환,박지훈,표영서,장천,임성재,이현균,한사명,곽민규,김난희,송광주,김귀선,한으뜸,오아연,한동희,김은민,최희진,김승비,이화정,이훈경,마웅규,최창욱,송방호,이윤재,임종화,홍석빈,조석인,배성일,박형준,이용석,김연진,서태왕,나경철,안예은,유병선,여성환",20210140,3,4,10,198784,216418,219375
137.0,극장판 뽀로로와 친구들: 바이러스를 없애줘!,2022-12-01,1953049000.0,0.001,1953049000.0,216905.0,216905.0,380.0,9917.0,한국,한국,(주)오콘,(주)넥스트엔터테인먼트월드(NEW),전체관람가,애니메이션,박영균,"이선,이미자,김현지,홍소영,정미숙,김서영,김환진,이호산,엄상현",20228308,9,10,10,86075,139723,163262
138.0,스턴트맨,2024-05-01,2179224982.0,0.001,2179224982.0,214121.0,214121.0,801.0,17025.0,미국,미국,,유니버설픽쳐스인터내셔널 코리아(유),15세이상관람가,"액션,코미디,멜로/로맨스",데이빗 레이치,"라이언 고슬링,에밀리 블런트,애론 테일러 존슨,윈스턴 듀크,스테파니 수,테레사 팔머",20235613,3,2,5,180840,208520,213556
139.0,바빌론,2023-02-01,2150176805.0,0.001,2150176805.0,213635.0,213635.0,852.0,21533.0,미국,미국,,롯데컬처웍스(주)롯데엔터테인먼트,청소년관람불가,드라마,데이미언 셔젤,"브래드 피트,마고 로비,디에고 칼바,진 스마트,조반 아데포,리 준 리,토비 맥과이어",20227374,4,4,7,114653,171209,191239
140.0,원피스 필름 레드,2022-11-30,2196993724.0,0.001,2196993724.0,206770.0,206770.0,550.0,15540.0,일본,일본,,(주)넥스트엔터테인먼트월드(NEW),12세이상관람가,애니메이션,타니구치 고로,,20227445,3,6,6,129068,178059,186067
142.0,브레드이발소: 셀럽 인 베이커리타운,2024-03-01,1722437580.0,0.001,1722437580.0,201256.0,201256.0,342.0,8130.0,한국,한국,㈜브레드이발소,롯데컬처웍스(주)롯데엔터테인먼트,전체관람가,애니메이션,정지환,"엄상현,박윤희,강시현,홍범기,김현욱,송하림,조경이,정주원,윤아영,김신우",20247437,4,14,26,109783,149123,170270
143.0,멍뭉이,2023-03-01,1832643386.0,0.001,1832643386.0,196529.0,196529.0,649.0,15443.0,한국,한국,"(주)와이웍스엔터테인먼트,(주)돈키호테엔터테인먼트",(주)키다리스튜디오,전체관람가,드라마,김주환,"유연석,차태현",20227684,5,7,8,117635,151836,164423
144.0,킬링 로맨스,2023-04-14,1833415642.0,0.001,1833415642.0,191650.0,191650.0,998.0,26101.0,한국,한국,"(주)영화사 이창,쇼트케이크(주)",롯데컬처웍스(주)롯데엔터테인먼트,15세이상관람가,코미디,이원석,"이상진,이하늬,이선균,공명,배유람,심달기,최준규,신민재,주광현,강학수,서정식,김영현,황대기,윤세웅,최종윤,정윤하,이서이,김준,김원진,한상철,이은주,김상욱,김상욱,오윤수,조현진,심우성,홍기주,원진호,최민국,최민국,신용식,안정호,한지호,조청원,김재호,박상원,이순성,권정우,손수호,이유진,이주성,송지훈,송태완,조애리,이도영,정동현,손주영,유요한,손선아,곽정길,정지민,김윤숙,김춘기,곽장륜,진범일,조승원,차유주,박은철,정경천,임현정,모일영,진성현,한성관,임유진,심달기,최덕문,오정세",20200154,3,5,9,100751,158827,180298
145.0,톡 투 미,2023-11-01,1759944371.0,0.001,1759944371.0,186426.0,186426.0,604.0,17737.0,호주,"호주,영국",,"주식회사 올랄라스토리,롯데컬처웍스(주)롯데시네마",15세이상관람가,공포(호러),"대니 필리푸,마이클 필리푸",,20234666,3,4,6,104581,150416,177290
146.0,헝거게임: 노래하는 새와 뱀의 발라드,2023-11-15,1811452126.0,0.001,1811452126.0,185507.0,185507.0,986.0,19755.0,미국,미국,,(주)누리픽쳐스,15세이상관람가,"액션,어드벤처,SF,스릴러",프란시스 로렌스,"레이첼 지글러,톰 블라이스,헌터 샤퍼,비올라 데이비스,피터 딘클리지,제이슨 슈왈츠먼",20234797,2,2,4,143030,175111,182378
147.0,오멘: 저주의 시작,2024-04-03,1859296182.0,0.001,1859296182.0,180695.0,180695.0,644.0,16507.0,미국,미국,,월트디즈니컴퍼니코리아 유한책임회사,15세이상관람가,공포(호러),아르카샤 스티븐슨,"넬 타이거 프리,타우픽 바롬,소냐 브라가,랄프 이네슨,빌 나이",20247673,4,3,6,101948,152690,177093
148.0,오펀: 천사의 탄생,2022-10-12,1808746476.0,0.001,1808746476.0,177880.0,177880.0,707.0,20180.0,미국,미국,,메가박스중앙(주),15세이상관람가,"공포(호러),스릴러",윌리엄 브렌트 벨,"이사벨 퍼만,줄리아 스타일즈,로지프 서덜랜드",20227304,3,5,7,115028,161590,173750
149.0,극장판 엄마 까투리: 도시로 간 까투리 가족,2022-09-08,1609124999.0,0.001,1609124999.0,173896.0,173896.0,616.0,9459.0,한국,한국,(주)퍼니플럭스,(주)넥스트엔터테인먼트월드(NEW),전체관람가,애니메이션,정길훈,"김서영,이윤희,김은아,전해리,이지현,양정화,홍범기,엄상현,이현,이명호",20226444,8,5,12,100240,145052,165387
150.0,퍼피 구조대: 더 마이티 무비,2023-10-06,1566183076.0,0.001,1566183076.0,172545.0,172545.0,566.0,9675.0,미국,미국,파라마운트 픽쳐스,롯데컬처웍스(주)롯데엔터테인먼트,전체관람가,"애니메이션,어드벤처",캘런 브런커,"정선혜,박지윤,신용우,문남숙,엄상현",20234253,8,14,19,81269,118424,139982
151.0,플라워 킬링 문,2023-10-19,1588789082.0,0.001,1588789082.0,167914.0,167914.0,719.0,14605.0,미국,미국,,롯데컬처웍스(주)롯데엔터테인먼트,청소년관람불가,"범죄,드라마",마틴 스코세이지,"레오나르도 디카프리오,로버트 드 니로",20232894,2,4,9,95306,136989,156048
153.0,마루이 비디오,2023-02-22,1705521500.0,0.001,1705521500.0,165892.0,165892.0,284.0,8962.0,한국,한국,"(주)발포플랜,(주)브라더픽처스","씨제이 씨지브이(CJ CGV)(주),(주)케이티알파",15세이상관람가,"미스터리,공포(호러)",윤준형,"서현우,조민경,임한성,안현빈,안민영,장세원,김승비,이옥봉,이익수,김학준,김우진,윤효진,황연희,나종기,김진혁,박은홍,서성광,이새로미,곽민준,황기석,허종오,이정철,황대중,안재만,김종대,백인우,강민지",20202026,5,5,12,121557,155978,162802
154.0,"포켓몬스터: 성도지방 이야기, 최종장",2024-05-01,1384022257.0,0.001,1384022257.0,157102.0,157102.0,710.0,9484.0,일본,일본,,롯데컬처웍스(주)롯데엔터테인먼트,전체관람가,애니메이션,유야마 쿠니히코,,20249313,4,8,12,133268,151916,156584
155.0,가여운 것들,2024-03-06,1561295765.0,0.001,1561295765.0,156105.0,156105.0,471.0,12023.0,미국,미국,,월트디즈니컴퍼니코리아 유한책임회사,청소년관람불가,"드라마,코미디,멜로/로맨스",요르고스 란티모스,"엠마 스톤,마크 러팔로,윌렘 데포",20236732,3,3,4,79102,116081,139406
157.0,눈의 여왕5: 스노우 프린세스와 미러랜드의 비밀,2022-12-22,1301016791.0,0.0,1301016791.0,141354.0,141354.0,626.0,6835.0,기타,기타,,메가박스중앙(주),전체관람가,애니메이션,알렉세이 트시칠린,,20228829,5,7,12,95172,133380,138527
159.0,아가일,2024-02-07,1442627957.0,0.001,1442627957.0,140533.0,140533.0,841.0,15934.0,미국,미국,,유니버설픽쳐스인터내셔널 코리아(유),12세이상관람가,"액션,코미디",매튜 본,"헨리 카빌,브라이스 달라스 하워드,샘 록웰,브라이언 크랜스톤,캐서린 오하라,두아 리파,아리아나 데보스,존 시나,사무엘 L. 잭슨",20234581,5,7,10,117426,138800,140439
160.0,극장판 슈퍼윙스: 맥시멈 스피드,2023-07-20,1192070958.0,0.0,1192070958.0,135976.0,135976.0,407.0,6202.0,한국,한국,(주)퍼니플럭스,(주)넥스트엔터테인먼트월드(NEW),전체관람가,애니메이션,정길훈,"문남숙,장은숙,최보배,전태열,이재범,엄상현",20232639,9,8,10,66565,114209,128797
161.0,보호자,2023-08-15,1238586700.0,0.0,1238586700.0,128487.0,128487.0,685.0,10996.0,한국,한국,(주)영화사테이크,(주)에이스메이커무비웍스,15세이상관람가,"액션,드라마",정우성,"정우성,김남길,김준한,박성웅,박유나,이엘리야,류지안,박성준,문성환,김주헌,박성근,김문학,박용,이은경,이효비,최수임,김준현,길창규,나종민,허승,김윤도,임준혁,이한결,오경택,이재성,송지우,신윤주,이가연,이세인,이하은,김서빈,이수민,김하나,권은성,최낙권,한대훈,배향,선우,강신하,이두석,민상우,박진영,김윤정",20192995,7,6,7,107775,124907,126484
162.0,길위에 김대중,2024-01-10,1217366609.0,0.0,1217366609.0,127903.0,127903.0,414.0,9928.0,한국,한국,"(주)명필름,(주)시네마6411","(주)아이오케이컴퍼니,(주)명필름,(주)시네마6411",12세이상관람가,다큐멘터리,민환기,"김대중,김도영,김재록,서석규,김남희,장현성",20235353,6,7,8,65322,98592,113005
163.0,패스트 라이브즈,2024-03-06,1177210399.0,0.0,1177210399.0,126437.0,126437.0,613.0,15750.0,미국,미국,,(주)씨제이이엔엠,12세이상관람가,드라마,셀린 송,"그레타 리,유태오,존 마가로",20234789,4,4,7,67148,94281,111088
164.0,두다다쿵: 후후섬의 비밀,2023-02-15,1136395650.0,0.0,1136395650.0,125978.0,125978.0,514.0,8549.0,한국,한국,아이스크림 스튜디오(주),(주)넥스트엔터테인먼트월드(NEW),전체관람가,애니메이션,"최병선,김지윤",,20210684,5,6,6,52063,90281,114378
167.0,블루 자이언트,2023-10-18,1175687658.0,0.0,1175687658.0,121505.0,121505.0,574.0,13250.0,일본,일본,,판씨네마(주),12세이상관람가,애니메이션,타치카와 유즈루,"야마다 유키,마미야 쇼타로,오카야마 아마네",20233178,4,4,6,52221,70731,90407
168.0,그란 투리스모,2023-09-20,1200410739.0,0.0,1200410739.0,120125.0,120125.0,883.0,17744.0,미국,미국,,소니픽쳐스엔터테인먼트코리아주식회사극장배급지점,12세이상관람가,액션,,,20233411,2,3,13,94255,109596,117764
169.0,몬스터 패밀리 2,2023-08-02,996981533.0,0.0,996981533.0,119568.0,119568.0,434.0,6752.0,영국,영국,,메가박스중앙(주),전체관람가,애니메이션,호거 태프,"에밀리 왓슨,닉 프로스트,제시카 브라운 핀들레이",20232836,6,8,13,75348,106817,112778
170.0,다음 소희,2023-02-08,1130701168.0,0.0,1130701168.0,118953.0,118953.0,562.0,11008.0,한국,한국,"트윈플러스파트너스(주),크랭크업필름(주)",트윈플러스파트너스(주),15세이상관람가,드라마,정주리,"김시은,배두나,박우영,이인영,박희은,김용준,심희섭,정수하,박현하,이윤지,조하민,박윤희,최희진,유정호,문정웅,박서경,김우겸,김태웅,송요셉,나종민,허정도,박수영,권다함,황정민,한혜지,엄옥란,유재연,이종민,박건주,김우영,이승영,유용희,민재원,안소정,나예은,추은경,정수하,문성렬,문정웅",20223565,9,8,7,48437,71806,89329
171.0,말하고 싶은 비밀,2023-12-13,1121475015.0,0.0,1121475015.0,118928.0,118928.0,401.0,7788.0,일본,일본,,"(주)바이포엠스튜디오,홀리가든",전체관람가,멜로/로맨스,,사쿠라다 히요리,20235980,5,4,14,57572,70875,91168
172.0,문재인입니다,2023-05-10,1133663035.0,0.0,1133663035.0,116959.0,116959.0,602.0,10332.0,한국,한국,다이스필름(주),유한회사 엠프로젝트,12세이상관람가,다큐멘터리,이창재,,20231437,4,7,8,82107,108278,112654
173.0,스트레인지 월드,2022-11-23,968821831.0,0.0,968821831.0,112910.0,112910.0,699.0,8463.0,미국,미국,,월트디즈니컴퍼니코리아 유한책임회사,전체관람가,애니메이션,"돈 홀,퀴 응우옌","제이크 질렌할,데니스 퀘이드,자부키 영-화이트,가브리엘 유니온,루시 리우",20228190,5,5,10,75749,97808,107370
174.0,에브리씽 에브리웨어 올 앳 원스+,2023-03-01,1141910984.0,0.0,1141910984.0,111591.0,111591.0,234.0,8676.0,미국,미국,,워터홀컴퍼니(주),15세이상관람가,"액션,코미디","다니엘 콴,다니엘 쉐이너트","양자경,스테파니 수,키 호이 콴,제이미 리 커티스",20230340,10,11,10,26606,38617,69339
175.0,캐리와 슈퍼콜라,2023-01-18,1028263819.0,0.0,1028263819.0,111366.0,111366.0,474.0,6708.0,한국,한국,(주)캐리소프트,롯데컬처웍스(주)롯데엔터테인먼트,전체관람가,애니메이션,"오성윤,이춘백","최정윤,엄상현,이다은,원옥화,정주원,이창민,한상태,김지정,강나후,김신비,소경호",20228895,7,7,12,65884,89485,99365
176.0,에어,2023-04-05,1063344581.0,0.0,1063344581.0,110310.0,110310.0,656.0,16487.0,미국,미국,,워너브러더스 코리아(주),15세이상관람가,드라마,벤 애플렉,"맷 데이먼,벤 애플렉,제이슨 베이트먼,마론 웨이언스,크리스 메시나,크리스 터커,비올라 데이비스",20231010,3,3,8,87424,103796,108698
177.0,어메이징 모리스,2023-02-15,963997160.0,0.0,963997160.0,109302.0,109302.0,559.0,7735.0,독일,독일,,(주)블루라벨픽쳐스,전체관람가,"애니메이션,판타지,어드벤처",토비 젠켈,"휴 로리,에밀리아 클라크,데이빗 듈리스,히메쉬 파텔,정재헌,박지윤,오인성,김현욱,장미,홍진욱,정의한,이규창,김사라",20228966,4,4,8,60714,92623,106295
178.0,블랙폰,2022-09-07,1085449042.0,0.0,1085449042.0,107715.0,107715.0,495.0,10809.0,미국,미국,,유니버설픽쳐스인터내셔널 코리아(유),15세이상관람가,공포(호러),스콧 데릭슨,"에단 호크,메이슨 테임즈,매들린 맥그로",20212709,3,4,9,86289,104242,105756
179.0,스마일,2022-10-06,1124306658.0,0.0,1124306658.0,105651.0,105651.0,455.0,7659.0,미국,미국,,롯데컬처웍스(주)롯데엔터테인먼트,청소년관람불가,"미스터리,공포(호러)",파커 핀,"소지 베이컨,제시 어셔,카일 갈너,케이틀린 스테이시,칼 펜,롭 모건",20225729,5,11,10,68559,89082,101487
180.0,아기상어 극장판: 사이렌 스톤의 비밀,2024-02-07,927999914.0,0.0,927999914.0,105010.0,105010.0,578.0,7771.0,미국,미국,,(주)넥스트엔터테인먼트월드(NEW),전체관람가,애니메이션,,"장예나,전태열,이희승(엔하이픈),박종성(엔하이픈),심재윤(엔하이픈),박성훈(엔하이픈,김선우(엔하이픈),양정원(엔하이픈),니시무라 리키(엔하이픈),김보민,이채린(CL),정재헌,김보나,김은아,윤은서,이상호",20246966,8,8,9,60265,83188,98418
182.0,추락의 해부,2024-01-31,1015017749.0,0.0,1015017749.0,103251.0,103251.0,236.0,6116.0,프랑스,프랑스,,(주)스튜디오디에이치엘,15세이상관람가,"드라마,스릴러",쥐스틴 트리에,"산드라 휠러,스완 아를로,밀로 마차도 그라너",20234730,5,6,9,38111,59889,73914
183.0,뉴 노멀,2023-11-08,987958873.0,0.0,987958873.0,103037.0,103037.0,546.0,10934.0,한국,한국,언파스튜디오,(주)바이포엠스튜디오,15세이상관람가,"스릴러,드라마,코미디",정범식,"최지우,이유미,최민호,표지훈,하다인,정동원,이문식,이주실,이동규,황승언,김미화,이주우,류제윤,이현지",20225894,3,4,14,74944,99911,102426
184.0,비키퍼,2024-04-03,962290905.0,0.0,962290905.0,102969.0,102969.0,713.0,13022.0,미국,미국,,(주)바른손이앤에이,청소년관람불가,"액션,스릴러",데이비드 에이어,"제이슨 스타뎀,조쉬 허처슨,제레미 아이언스",20247780,3,7,13,83636,99983,102745
185.0,엘비스,2022-07-13,1098745318.0,0.0,1098745318.0,101522.0,101522.0,665.0,10094.0,미국,미국,,워너브러더스 코리아(주),15세이상관람가,드라마,바즈 루어만,"오스틴 버틀러,톰 행크스,올리비아 데종",20225175,5,5,10,69019,80308,86915
187.0,스노우 폭스: 썰매개가 될 거야!,2023-11-23,778548216.0,0.0,778548216.0,97916.0,97916.0,479.0,4251.0,미국,미국,,(주)팝엔터테인먼트,전체관람가,"애니메이션,어드벤처",아론 우들리,"제레미 레너,알렉 볼드윈",20234957,8,8,10,51792,73615,87178
188.0,극장판 도라에몽: 진구와 하늘의 유토피아,2023-07-08,885287800.0,0.0,885287800.0,97700.0,97700.0,283.0,5335.0,일본,일본,,씨제이 씨지브이(CJ CGV)(주),전체관람가,애니메이션,,"윤아영,김정아,이현주,조현정,최낙윤",20232570,7,9,13,43576,67790,78712
189.0,화사한 그녀,2023-10-11,888872900.0,0.0,888872900.0,96146.0,96146.0,414.0,12805.0,한국,한국,"(주)신영이엔씨,(주)제이앤씨미디어그룹","(주)제이앤씨미디어그룹,(주)스튜디오 산타클로스엔터테인먼트",12세이상관람가,코미디,이승준,"엄정화,송새벽,방민아,손병호,김재화,박호산,김성식,박진우,정영주,정인기,조한준,김형우,윤현식,김재용,박영웅,배준수,정윤서,김준범,김성환,서명찬,유정호,정진우,박수현,하성광,권재원,강채빈,하윤서,나현정,김태양,이동민,소계원,최문경,김시윤,윤옥길,나수윤,화영진,채길병,박성웅,박수영,박형준",20212667,3,5,11,68122,87718,94868
190.0,방탄소년단: 옛 투 컴 인 시네마,2023-02-01,2035659000.0,0.001,2035659000.0,92539.0,92539.0,120.0,6188.0,한국,한국,씨제이포디플렉스 주식회사,"씨제이포디플렉스 주식회사,씨제이 씨지브이(CJ CGV)(주)",전체관람가,공연,오윤동,"김남준,김석진,민윤기,정호석,박지민,김태형,전정국",20239691,2,10,19,65773,89490,92539
191.0,"여름을 향한 터널, 이별의 출구",2023-09-14,942838858.0,0.0,942838858.0,92479.0,92479.0,269.0,7795.0,일본,일본,,(주)미디어캐슬,12세이상관람가,애니메이션,타구치 토모히사,"코미야 아리사,코야마 리키야",20228016,5,10,9,45974,67313,84175
193.0,아이유 콘서트 : 더 골든 아워,2023-09-13,2050388000.0,0.001,2050388000.0,87628.0,87628.0,63.0,2915.0,한국,한국,,씨제이 씨지브이(CJ CGV)(주),전체관람가,"공연,다큐멘터리",,이지은,20233743,4,11,13,54122,69899,76334
194.0,바다 탐험대 옥토넛 어보브 앤 비욘드 : 육지 넘어 하늘까지!,2023-08-10,732820250.0,0.0,732820250.0,84164.0,84164.0,245.0,5675.0,영국,영국,,와이드 릴리즈(주),전체관람가,"애니메이션,어드벤처,액션",,"하성용,정재헌,엄상현,윤승희,김율,유동균,김정은,한경화,박성영",20232698,9,14,16,56981,71720,78026
195.0,사나: 저주의 아이,2023-10-04,786544500.0,0.0,786544500.0,83945.0,83945.0,199.0,6768.0,일본,일본,,(주)바이포엠스튜디오,15세이상관람가,공포(호러),시미즈 다카시,,20234277,5,7,7,45824,70173,81967
199.0,파벨만스,2023-03-22,819973157.0,0.0,819973157.0,81467.0,81467.0,450.0,8892.0,미국,미국,,(주)씨제이이엔엠,12세이상관람가,드라마,스티븐 스필버그,"미쉘 윌리엄스,폴 다노,세스 로건,가브리엘 라벨",20230767,6,4,8,42548,61222,70474
201.0,엑소시스트: 믿는 자,2023-10-18,828698635.0,0.0,828698635.0,80219.0,80219.0,630.0,10753.0,미국,미국,유니버설픽쳐스인터내셔널 코리아(유),유니버설픽쳐스인터내셔널 코리아(유),15세이상관람가,공포(호러),데이빗 고든 그린,"엘렌 버스틴,레슬리 오덤 주니어,앤 도드",20234853,3,9,16,67742,79703,80202
202.0,챌린저스,2024-04-24,787794387.0,0.0,787794387.0,79821.0,79821.0,458.0,8309.0,미국,미국,,워너브러더스 코리아(주),15세이상관람가,"드라마,멜로/로맨스",루카 구아다니노,"젠데이아 콜먼,마이크 파이스트,조쉬 오코너",20249318,4,4,7,35455,54852,67694
204.0,바다 탐험대 옥토넛 : 탐험선 대작전,2022-08-11,746779950.0,0.0,746779950.0,79200.0,79200.0,241.0,4330.0,영국,영국,,와이드 릴리즈(주),전체관람가,"애니메이션,액션,어드벤처",,"하성용,정재헌,엄상현,윤승희,김율,유동균,김정은,한경화",20226034,7,10,17,50180,66647,73708
205.0,샤잠! 신들의 분노,2023-03-15,830461274.0,0.0,830461274.0,78743.0,78743.0,799.0,14012.0,미국,미국,,워너브러더스 코리아(주),12세이상관람가,"액션,어드벤처",데이비드 F. 샌드버그,"제커리 리바이,애셔 앤젤,아담 브로디,잭 딜런 그레이저,그레이스 펄튼,로즈 버틀러,이안 첸,매건 굿,페이스 허만,D.J. 코드로나,조반 아만드,헬렌 미렌,루시 리우,레이첼 지글러,디몬 하운수",20230081,3,4,13,68861,77977,78604
206.0,유미의 세포들 더 무비,2024-04-03,609604900.0,0.0,609604900.0,76266.0,76266.0,441.0,10611.0,한국,한국,"(주)로커스,스튜디오엔(주)","씨제이 씨지브이(CJ CGV)(주),롯데컬처웍스(주)롯데시네마",전체관람가,애니메이션,,"윤아영,신범식,송하림,안소이,사문영,안영미",20201502,5,9,15,54242,69835,75387
208.0,치킨래빗: 잃어버린 보물을 찾아서,2023-03-18,658252000.0,0.0,658252000.0,73427.0,73427.0,234.0,4747.0,벨기에,"벨기에,프랑스",,(주)스튜디오디에이치엘,전체관람가,애니메이션,벤 스타센,"박시윤,김용,김소희",20230484,6,16,12,27346,43160,54054
211.0,보 이즈 어프레이드,2023-07-05,685318130.0,0.0,685318130.0,68762.0,68762.0,312.0,4589.0,미국,미국,,(주)스튜디오디에이치엘,청소년관람불가,"어드벤처,공포(호러)",아리 에스터,호아킨 피닉스,20231889,7,8,9,42755,56910,62973
213.0,도티와 영원의 탑,2023-12-27,629014015.0,0.0,629014015.0,67870.0,67870.0,370.0,3682.0,한국,한국,(주)샌드박스네트워크,(주)넥스트엔터테인먼트월드(NEW),전체관람가,애니메이션,"배완,양희성,박인한","나희선,최예린,이민호,이민형,차재원,엄상현,이명호,방보용,정빈,김하영,김병선,임채빈,김도희,이주원,주백호,송훈,박도영,김근환,장은서,정서진,박현기,김시우,송희,김기운,하시안,서부건,조수아,김예은,권서준,이나영,조성하,최아림,강지민,공은빈,김성하,옥수진,유규선,천민규,한효경,정찬,박신후,김경륜,이지우,허은우,김경림,홍성빈,이영호,고연우,김로아,홍윤서,박채원,이지엘,이효린,이다은,최예원,하예은,하예설,임소여,오지수,손정민,이율주,남도형,신범식",20235290,9,8,15,56177,63726,66002
214.0,"바다 탐험대 옥토넛 어보브 앤 비욘드: 버드, 옥토경보를 울려라!",2023-12-27,548439660.0,0.0,548439660.0,67698.0,67698.0,215.0,3581.0,영국,영국,,와이드 릴리즈(주),전체관람가,애니메이션,,,20236045,10,9,12,48637,62148,64443
215.0,크레센도,2023-12-20,688200700.0,0.0,688200700.0,67401.0,67401.0,91.0,3476.0,미국,미국,,오드,전체관람가,다큐멘터리,헤더 윌크,,20233299,8,10,10,25064,41365,50384
216.0,쏘우 X,2023-12-13,680008885.0,0.0,680008885.0,65188.0,65188.0,571.0,7172.0,미국,미국,,"(주)올스타엔터테인먼트,(주)플레이그램",청소년관람불가,"공포(호러),스릴러",케빈 그루터트,"토빈 벨,쇼니 스미스",20235698,6,7,27,60005,61988,63896
