Movie_Title,Distributor,Release_Date,Nationality,Director,Actors,Screens,Cumulative_Audience,Genre
서울의 봄,플러스엠 엔터테인먼트,2023-11-22,한국,김성수,"이귀우,황정민,정우성,이성민,박해준,김성균,김의성,정동환,안내상,유성주,최병모,박훈,이재윤,김성오,남윤호,홍서준,안세호,정형석,박정학,박원상,박민이,염동헌,전진기,차래형,공재민,권혁,한창현,송영근,전수지,서광재,임철형,현봉식,곽자형,전운종,이승희,김기무,문성복,김옥주,박정표,곽진석,한규원,우미화,차건우,최원경,정만식,정해인,이준혁,우아름,김지원,최기동,양영문",2463.0,13128080.0,드라마
파묘,(주)쇼박스,2024-02-22,한국,장재현,"최민식,김고은,유해진,이도현,김재철,김민준,김병오,전진기,박정자,박지일,이종구,이영란,정상철,김지안,김태준,김서현,송광자,최문경,김선영,이다윗,김소숙,정윤하,설승혜,홍서준,안태영,최정화,이아연,심소연,한미자,현지인,이경민,한동희,이정현,설창희,황유나,윤재인,김희상,선인호,백승철,윤종구,박종원,임호준,김진욱,류한선,박태양,이은경,박진영,홍석빈,한혜지,박재완,윤정훈,최교식,이지현,정예서,이은주,은수,장의돈,주광현,박용,신무호,김이석,김선동,한동균,박예빈,윤수진,정승기,강일웅,김영주,오보혜,고영규,선인호,전형규,이태운,임예은,최낙윤,정무성,진대연,송나영,유한솔,김하영",2367.0,11910325.0,"미스터리,공포(호러)"
범죄도시4,"주식회사 에이비오엔터테인먼트,플러스엠 엔터테인먼트",2024-04-24,한국,허명행,"김무열,박지환,이동휘,마동석,곽자형,이범수,김민재,이지훈,이주빈,김도건,김지훈,현봉식,김신비,김영웅,류지훈,백승환,배재원,안성봉,김호준,정인기,권일용,박보경,김수진,배해선,조진결,최현도,강준석,정유겸,김선문,김모범,주석인,박근정,이상진,최순진,강전영,정지영,고서정,조현식,정기욱,김근혁,장태민,임서아,강신철,김형범,김형국,이한솔,홍상우,주미진,서원준,이가회,김시영,민효경,박현진,강지연,지지안,우지영,김예소리",2980.0,11075758.0,"액션,범죄"
아바타: 물의 길,월트디즈니컴퍼니코리아 유한책임회사,2022-12-14,미국,제임스 카메론,"조 샐다나,샘 워싱턴,시고니 위버,스티븐 랭,케이트 윈슬렛",2809.0,10805065.0,"액션,어드벤처,SF,스릴러"
범죄도시3,"주식회사 에이비오엔터테인먼트,플러스엠 엔터테인먼트",2023-05-31,한국,이상용,"정호진,마동석,황순명,이준혁,아오키 무네타카,이범수,김민재,이지훈,김도건,고규필,전석호,안세호,한규원,최우준,최동구,이세호,이태규,배누리,최광제,심영은,김기호,고건한,신현용,쿠니무라 준,박지환,윤상돈,김지수,박혜영,마동석,강윤,홍준영,류성현,유인혁,김원경,박상원,공대유,박준혁,공경배,김민,최원석,송이우,주혁,전아희,손지영,차재현,연예림,이혜지,박상남,이재성,이재혁,서문호,한기장,손인용,정미형,최춘범,이진한,김태윤,백남준,박태산,이충구,김소원,강희제,강한별,홍이주,배소영,서영진,손태오,남지우,신혜선,주예은,채건희,이정환,심하늘,김리우,장용희,최현도,김다솔,이명로,정우탁,정현옥,여성환,김영조,문경린,이형석,이찬희,김우현,류한종,손종복,이진희,김민준,이윤석,정수원,조국형,박현석,김민수,최광덕,이상원,임소현,이한솔,홍상우,정무성,강하나,최태주,김주희,손승훈,이문빈,정규영,전민정,임연빈,이호철,이동호,김병탁,김세중",2582.0,10682813.0,"범죄,액션"
탑건: 매버릭,롯데컬처웍스(주)롯데엔터테인먼트,2022-06-22,미국,조셉 코신스키,"톰 크루즈,마일즈 텔러,제니퍼 코넬리,존 햄,에드 해리스,글렌 포웰,제이 엘리스,그렉 타잔 데이비스,찰스 파렐,장 루이자 켈리,대니 라미레즈",1975.0,8230874.0,액션
한산: 용의 출현,롯데컬처웍스(주)롯데엔터테인먼트,2022-07-27,한국,김한민,"박해일,이지영,김시국,이정태,변요한,안성기,손현주,김성규,김성균,김향기,옥택연,공명,박지환,조재윤,윤제문,박훈,윤진영,김강일,박재민,이서준,김민재,김재영,김구택,손경원,안성봉,이운산,김영웅,공정환,배현성,김대명,정예훈,김한민,김기호,김기환,강신구,김영탁,김공,이재한,정제우,정연,윤대열,김리우,김현태,현봉식,김범석,고한민,문승배,강덕중,서상원,김영찬,배명진,곽민호,정준화,황무영,안태준,이의령,안치욱,강병욱,김호연,김태근,고기영,홍윤,박선교,김동훈,서세명,박형준,이진민,이규탁,남현우,윤상원,이지운,문바롬,김태희,김동현,김우현,남상우,김현승,양동혁,오누리,한봄,박재이,김진희,강리안,강보라,김지아,이다혜,김효주,한송희,한상경,김진형,오지훈,이루겸,최홍락,방병현,황성웅,김이담,김경태,김건보,이동빈,유건기,위민국,정동근,최돈학,권용덕,김용준,김한솔,김현우,강성락,이종욱,윤상영,김영호,이건록,장한솔,정현옥,이단,백태민,현직,손대민,김무섭,한동국,황민혁,조현수,김서준,채강,엄기영,손수호,이상호,민주호,오창후,김형석,구본혁,우혁,김명곤,문숙,이준혁,윤승훈,박혜영,허중회,이보영,윤현승",2223.0,7266340.0,"액션,드라마"
엘리멘탈,월트디즈니컴퍼니코리아 유한책임회사,2023-06-14,미국,피터 손,,1664.0,7240510.0,애니메이션
공조2: 인터내셔날,(주)씨제이이엔엠,2022-09-07,한국,이석훈,"현빈,유해진,임윤아,다니엘 헤니,진선규,장영남,박훈,임성재,윤상화,박민하,전국환,전배수,이해영,서동원,이승훈,이제연,박형수,이민지,박종환,송영근,김중희,최동구,설찬미,서동복,박진수,김경식,변경록,정의순,이동용,남성준,김태수,우정국,김성인,전민,김태향,유비,우석준,현직,김관모,주재후,류경환,신욱,김선희,박광렬,황두하,전종석,신영훈,김병오,박재홍,임세인,김철윤,장현진,함태인,김진우,정윤하,강덕중,최미라,한은수,황인덕,정성인,명채미,최유지,추정훈,김원해,조달환",2389.0,6983077.0,"액션,코미디"
스즈메의 문단속,(주)쇼박스,2023-03-08,일본,신카이 마코토,"하라 나노카,마츠무라 호쿠토",1572.0,5576058.0,애니메이션
밀수,(주)넥스트엔터테인먼트월드(NEW),2023-07-26,한국,류승완,"김혜수,염정아,조인성,박정민,김종수,고민시,김재화,박준면,박경혜,주보비,곽진석,정도원,신민재,김충길,이정수,안세호,최종원,김원해,김경덕,윤병희,김기천,윤종구,신영옥,홍성오,김준식,이상희,신삼봉,구본웅,백주희,전현숙,이선희,이진희,신우희,백승철,윤대열,이태형,정재원,장기하,진경,윤경호",1932.0,5143261.0,액션
더 퍼스트 슬램덩크,(주)넥스트엔터테인먼트월드(NEW),2023-01-04,일본,이노우에 다케히코,,1060.0,4877994.0,애니메이션
노량: 죽음의 바다,"롯데컬처웍스(주)롯데엔터테인먼트,(주)에이스메이커무비웍스",2023-12-20,한국,김한민,"최단비,김윤석,백윤식,정재영,허준호,김성규,이규형,이무생,최덕문,안보현,박명훈,박훈,문정희,정기섭,유성주,안성봉,안세호,이성욱,오누리,주석태,최광제,최정태,김중희,안성기,여진구,이제훈,박용우,김민상,공명,남명렬,남경읍,배한성,김재영,송요셉,김효민,강성락,이건록,노형원,임일규,허재호,한우진,이재한,강신구,이태형,김형석,최돈학,이지영,이상호,전운종,한대훈,정대경,고해성,남상우,정영록,이재우,고기영,문바롬,이동희,김용준,손대민,윤상영,박형준,이규탁,김범수,박상원,진범일,서한돌,조성국,이시안,서대건,정시훈,김시우,김준석,박성현,김형록,황성웅,위민국,이민수,김진형,윤현승,남태우,우혁,김무섭,구본혁,채강,채원우,김동환,한재학,정동근,지상우,송치훈,김태응,강민태,박웅선,강수호,박현욱,김서준,황재운,이웅규,박범규,김시국,서현재,김백겸,공지삵,강태우,이승헌,함진성,이동현,이원희,박누가,손수호,최기표,황민혁,정하영,신형근,정유준,서정민,정민혁,김태훈,정종훈,김서빈,조현수,윤영진,하영진,정민철,김명수,양동혁,박성현,정승현,백경선,임성민,엄기영,박인국,유명환,김민수,오영철,최지현,오동훈,윤혁진,민주호,김동형,이창균,김경훈,김진욱,홍기주,이종섭,오창후,허재욱,박상준,허태경,안준호,조재현,최지환,문형돈,오지훈,이시헌,박원진,한지은,신재영,송광주,장루이,현서영,신치영,황민형,김한상,장유화,연원모,김지안,석예린,권지희,문정환,변봉식,박광복,박선애",2196.0,4573051.0,"사극,액션"
헌트,플러스엠 엔터테인먼트,2022-08-10,한국,이정재,"장재혁,이상혁,오동훈,이지영,이정재,정우성,전혜진,허성태,고윤정,김종수,정만식,임형국,정경순,정재성,송영창,강경헌,임성재,정성모,손성호,김학선,오만석,김문찬,박건우,이채은,김윤도,송덕호,이서한,장서경,김찬형,송철호,김형범,경성환,윤정섭,최우준,정재현,김효준,차래형,박중근,홍성덕,문정대,이도국,이한주,고서희,손경원,이태형,조진결,고경만,김호준,김은우,정종우,박민이,윤대열,김완수,김결,김덕주,민경옥,김송일,이가경,차우진,박민정,옥주리,조광유,박도영,조혜린,박병관,이도헌,이주안,손승범,장재혁,박인국,문유성,김동형,김시원,배정환,이시안,정상균,박영준,최기표,김재환,남열,태윤,박형준,백승우,이찬희,전현석,장나라,이웅규,진가민,허윤,권민경,이재원,김의신,조영미,최은애,백경윤,박서희,박민정,김기태,김재환,김한솔,서문호,여이레,이도군,홍지원,황정민,이성민,유재명,박성웅,조우진,김남길,주지훈,정용식,김동규,김동훈,김명선,최민,권은성,박윤희,이도군",1625.0,4352513.0,"액션,드라마"
가디언즈 오브 갤럭시: Volume 3,월트디즈니컴퍼니코리아 유한책임회사,2023-05-03,미국,제임스 건,"크리스 프랫,조 샐다나,데이브 바티스타,카렌 길런,폼 클레멘티에프,빈 디젤,브래들리 쿠퍼,윌 폴터",1819.0,4209250.0,액션
미션 임파서블: 데드 레코닝 PART ONE,롯데컬처웍스(주)롯데엔터테인먼트,2023-07-12,미국,크리스토퍼 맥쿼리,"톰 크루즈,헤일리 앳웰,빙 라메스,사이먼 페그,레베카 퍼거슨,바네사 커비,에사이 모랄레스,폼 클레멘티에프",2437.0,4022291.0,"액션,스릴러,어드벤처"
콘크리트 유토피아,롯데컬처웍스(주)롯데엔터테인먼트,2023-08-09,한국,엄태화,"이병헌,박서준,박보영,김선영,김도윤,박지후,김학선,공민정,엄태구,정영기,오희준,김준배,정혜윤,이서환,강애심,이효제,김시운,김병순,이선희,권은성,강일,곽자형,최영도,김용준,김동곤,남진복,변진수,곽민규,김홍국,황정남,김희상,손민석,전영,정은경,배기범,주인영,이지해,이은주,박주용,무현,한승우,김현창,정태영,백승진,홍성오,정재민,김지산,라호찬,김예은,김상동,김봉희,김자미,오은지,이자령,오민정,김태준,유휴인,민영,라희선,김문학,이승원,공재민,추연규,허선행,김경덕,이석형,나철,최솔희,현승진,서우진,천윤경,김동현,박지홍,정지우,홍승균,이중현,박경찬,김가영,이일진,이서아,박종환,장선,김권후,김선경,하은서,변중희,신다영,김지성,윤재국,김영건,강종현,홍성일,김연지,권라희,유이찬,양소희,이재준,진유찬,김태이,양희원,김효경,강준석,이상연,김테이,오수진",1731.0,3849244.0,"드라마,기타"
웡카,워너브러더스 코리아(주),2024-01-31,미국,폴 킹,"티모시 샬라메,칼라 레인,올리비아 콜맨,톰 데이비스,휴 그랜트,샐리 호킨스",1753.0,3531560.0,"판타지,드라마"
올빼미,(주)넥스트엔터테인먼트월드(NEW),2022-11-23,한국,안태진,"류준열,유해진,최무성,조성하,박명훈,김성철,안은진,조윤서,김상욱,이주원,김예은,정석원,류성현,김승태,신문성,안성봉,문승배,김인권,김채원,김도원,양희명,강진휘,박희은,김샛별,김재현,류석호,손경원,송동환,강덕중,안세호,배용근,류지훈,조경현,신정원,황보정일,윤진영,윤준열,정동근,최돈학,서인혁,고한민,장태민,서문호,이동희,노정현,김설,손문영,김태준,안석현,권병철,고덕원,이정훈,김현정,장윤정,류진,남시훈,이태호,김현우,한수빈,한여름,설옥남,김수민,이정우,전민옥,전동현,권병철,황영윤,홍의정,이충식,전기수,최춘범,이수민,전기수",1541.0,3329634.0,스릴러
영웅,(주)씨제이이엔엠,2022-12-21,한국,윤제균,"정성화,김고은,나문희,조재윤,배정남,이현우,박진주,권라희,지웅배",1314.0,3275218.0,"드라마,뮤지컬"
오펜하이머,유니버설픽쳐스인터내셔널 코리아(유),2023-08-15,미국,크리스토퍼 놀란,"킬리언 머피,에밀리 블런트,맷 데이먼,로버트 다우니 주니어,플로렌스 퓨,조쉬 하트넷,케이시 애플렉,라미 말렉,케네스 브래너",1636.0,3237793.0,"스릴러,드라마"
쥬라기 월드: 도미니언,유니버설픽쳐스인터내셔널 코리아(유),2022-06-01,미국,콜린 트레보로우,"크리스 프랫,브라이스 달라스 하워드,드완다 와이즈,로라 던,제프 골드블럼,샘 닐",2218.0,2837410.0,"액션,어드벤처"
마녀(魔女) Part2. The Other One,(주)넥스트엔터테인먼트월드(NEW),2022-06-15,한국,박훈정,"신시아,박은빈,서은수,진구,성유빈,조민수,차순배,저스틴 하비,이종석,김다미,변서윤,채원빈,서이라,정라엘,김기해,장재영,정예진,모그,신영옥,김대흥,신희철,정환욱,우강민,최홍락,홍원표,유태근,윤기창,오기덕,이규영,한재웅,문동식,노승윤,고남호,이준,임승준,장남수,최동구,김한솔,공경배,서문호,이선호,한상경,이상렬,조광욱,정운,조창원,오원혁,김민규,김소민,김벼리,장지호,엄태구,김용우",1796.0,2806501.0,액션
토르: 러브 앤 썬더,월트디즈니컴퍼니코리아 유한책임회사,2022-07-06,미국,타이카 와이티티,"크리스 헴스워스,나탈리 포트만,테사 톰슨,크리스찬 베일,타이카 와이티티,크리스 프랫",2143.0,2716306.0,"액션,어드벤처,판타지"
슈퍼 마리오 브라더스,유니버설픽쳐스인터내셔널 코리아(유),2023-04-26,미국,,"크리스 프랫,안야 테일러 조이,잭 블랙,찰리 데이",1576.0,2395519.0,"애니메이션,어드벤처,코미디"
미니언즈2,유니버설픽쳐스인터내셔널 코리아(유),2022-07-20,미국,카일 발다,"피에르 꼬팽,스티브 카렐,타라지 P. 헨슨",1394.0,2269024.0,"애니메이션,어드벤처,코미디"
30일,(주)마인드마크,2023-10-03,한국,남대중,"강하늘,정소민,조민수,김선영,황세인,윤경호,이상진,원우,송해나,엄지윤,임철형,임진택,김진만,장지아,서한결,전노민,태인호,강지영,정형석,이원욱,학진,김선화,윤세웅,나호숙,홍준우,채주아,조영지,노정현,정상우,이수빈,이나현,심우성,강병화,이선우,류강주,문호진,홍윤희,이동현,구유진,홍석빈,윤지욱,남선중,문승현,차지현,이윤정,이주은,정윤겸,권정윤,이건창,이건창,조용환,박청용,유황조,정진웅,김태수,김동완,남훈철",1226.0,2165585.0,코미디
블랙 팬서: 와칸다 포에버,월트디즈니컴퍼니코리아 유한책임회사,2022-11-09,미국,라이언 쿠글러,"레티티아 라이트,루피타 뇽오,다네이 거라이라,마틴 프리먼,다니엘 칼루야,안젤라 바셋,윈스턴 듀크,테노치 우에르타 메히아",2571.0,2105988.0,"액션,어드벤처,드라마"
비상선언,(주)쇼박스,2022-08-03,한국,한재림,"송강호,이병헌,전도연,김남길,임시완,김소진,박해준,우미화,현봉식,문숙,설인아,권한솔,김보민,김국희,임형국,이열음,임성재,순정,황재훈,이상현,김학선,남명렬,정종열,김호정,이현균,이시원,이일섭,윤세웅,오재균,변우종,조승연,황현빈,박재완,심소연,채송아,진미사,이수미,강지현,신수연,홍하나임,황가희,윤소희,구유정,이지윤,곽민규,전정일,이승준,하정민,박근홍,이예영,서석규,하혜승,김금순,이은희,이동희,조용준,김혁종,조운,김영욱,윤민수,지웅배,구민혁,신현숙,이문빈,조태호,김서연,신승용,김규도,김봉희,양대성,석보배,신민경,용석주,김병만,최솔희,김지우,고경인,최지안,박인지,박희은,정재혁,최영도,정서인,박선임,이종운,이택근,고경희,박크미,이두석,정윤하,오윤수,조범수,문주연,문아람,조진결,송경의,김리승,강말금,성기윤,이화룡,전수지,김창환,손진환,손재협,고용진,조재룡,배현경,변진수,유종연,심우성,민재경,문병주,강내균,전세용,유아름,김이현,박기선,권정민,강영일,이승준,이은주,이태건,김광현,이지수,민효경,전은미,이윤재,서덕인,전두현,권혁,정형석,전형재,송훈,이하은,송원수,송광주,신정아,임정옥,황재열,김진혁,이주영,송형수,김광식,이기동,조대희,최재훈,고유찬,서동복,최은경,차승호,최백규,이의령,성용훈,박선우,민상철,최영민,이대한,이동현,이유진,조영지,김동형,변동욱,오재세,김상일,백승익,오근욱,제성,윤선미,최현아,장준휘,양희명,조강연,권훈,손경원,이해운,정연심,윤재인,박주영,하수호,윤선미,김솔로몬,김지민,김태훈,최필상,기도영,송글송글,정소용,류민하,강준석,안정호,지남혁,김리우,공대유,서혜윤,기환,박예영,김영조,하경민,여민구,강명헌,김연교,신덕호,옥윤중,장서연,임지현,변중희,김도원,김현정,장용희,김한상,신치영,현승진,권일용,김윤희,정지영,박윤희",1734.0,2058869.0,드라마
그대들은 어떻게 살 것인가,메가박스중앙(주),2023-10-25,일본,미야자키 하야오,"스다 마사키,시바사키 코우,키무라 요시노,기무라 타쿠야,산토키 소마,아이묭",1733.0,2015965.0,애니메이션
듄: 파트2,워너브러더스 코리아(주),2024-02-28,미국,드니 빌뇌브,"티모시 샬라메,젠데이아 콜먼,레베카 퍼거슨,조슈 브롤린,오스틴 버틀러,플로렌스 퓨,데이브 바티스타,크리스토퍼 월켄,스티븐 헨더슨,레아 세이두,스텔란 스카스가드,샬롯 램플링,하비에르 바르뎀",1544.0,1999868.0,액션
육사오(6/45),"(주)홈초이스,(주)싸이더스",2022-08-24,한국,박규태,"이학주,고경표,이이경,음문석,박세완,이순원,곽동연,김민호,류승수,윤병희,이준혁,신원호,남도윤,서정우,최민혁,배한솔,정상철,강길준,김건우,김슬민,오병곤,윤지용,박치우,이학주,김관모,홍민기,김민규,김백겸,문경민,박혁진,유병수,이태경,윤지홍,손경표,강운,최현태,서한돌,이동환,구본혁,김진형,송호제,신문선,이건록,이동기,이수,이시안,이지운,정시훈,채원우,최기표,황민혁,황태훈,최원,서지원,오혜금,편한마음,김재민,이종훈,조미초,이예진,정인기,박희진,이현걸,오현수,정용식",1339.0,1981014.0,코미디
존 윅 4,(주)레드아이스 엔터테인먼트,2023-04-12,미국,채드 스타헬스키,"키아누 리브스,로렌스 피쉬번,이안 맥쉐인,빌 스카스가드,견자단",1535.0,1924768.0,액션
천박사 퇴마 연구소: 설경의 비밀,(주)씨제이이엔엠,2023-09-27,한국,김성식,"김영빈,강동원,허준호,이솜,이동휘,김종수,박소이,윤병희,주보비,박경혜,이규호,김원해,박정민,조이현,이정은,박명훈,지수,박지홍,권오철,이동찬,민효경,오현석,박주환,배영란,구시연,전소현,송길호,고재원,김태야,최재옥,김태진,김현준,김승필,장주완,이보람,장우용",1511.0,1916429.0,"판타지,액션"
헤어질 결심,(주)씨제이이엔엠,2022-06-29,한국,박찬욱,"박해일,탕웨이,이정현,고경표,김신영,정영숙,유승목,서현우,정이서,이학주,정소리,신안진,김도연,고민시,차서원,주인영,윤성원,최선자,진용욱,안진상,박정민,박용우,정하담,최대훈,김미화,곽은진,안성봉,김성곤,문순주,현직,한서울,김도담,문정대,유인혜,권혁성,차상도,강경수,유태오,이지하,전성애,이경민,이용녀,김귀례,김도담,유다솜,김민준,김국진,김상현",1374.0,1904147.0,"미스터리,멜로/로맨스"
분노의 질주: 라이드 오어 다이,유니버설픽쳐스인터내셔널 코리아(유),2023-05-17,미국,루이스 리테리어,"빈 디젤,제이슨 모모아,제이슨 스타뎀,샤를리즈 테론,브리 라슨,미셸 로드리게즈,성 강",1731.0,1773483.0,액션
쿵푸팬더4,유니버설픽쳐스인터내셔널 코리아(유),2024-04-10,미국,"마이크 미첼,스테파니 스티네","잭 블랙,아콰피나,비올라 데이비스,더스틴 호프만,제임스 홍,브라이언 크랜스톤,이눈솔",2311.0,1769764.0,"애니메이션,액션,코미디"
교섭,플러스엠 엔터테인먼트,2023-01-18,한국,임순례,"황정민,도기범,현빈,강기영,조윤상",1289.0,1721100.0,드라마
시민덕희,(주)쇼박스,2024-01-24,한국,박영주,"라미란,공명,염혜란,박병은,장윤주,이무생,안은진,김율호",1281.0,1709827.0,드라마
앤트맨과 와스프: 퀀텀매니아,월트디즈니컴퍼니코리아 유한책임회사,2023-02-15,미국,페이튼 리드,"폴 러드,에반젤린 릴리,미셀 파이퍼,마이클 더글라스",2090.0,1551129.0,액션
외계+인 1부,(주)씨제이이엔엠,2022-07-20,한국,최동훈,"류준열,김우빈,김태리,소지섭,염정아,조우진,김의성,이하늬,신정근,이시훈,김대명,최유리,김기천,윤병희,지건우,윤경호,옥자연,이현걸,김해숙,유재명,전여빈,김민서,김민준,이선희,백현주,최광제,심달기,조하이,김루아,김강일,이동희,김찬형,박무염,송영광,이동용,장준휘,한성수,김정한,김왕도,김세홍,김만호,김민체,박광재,박수진,김선혁,김우현,김민환,김재현,김윤도,김진욱,김한솔,문바롬,박수찬,성백인,안재원,이태환,이보영,윤상원,손주환,김단비,지한아,김빛나래,김세정,민정은,배윤민,정지원,지성은,전아희,한수아,고나영,박시연,송지혁,우상기,김선혁,한승윤,박인규,강정민,이희규,변진수,양미선,이병욱,장규식,전경희,강춘선,강차욱,김문조,조한길,류관후,김방선,전은미,정민규,고유준,전진기,이원민,이택근,서석규,한동훈,남지우,박래영,임보현,임우진,신혜지,김지선,김예주,이주혁,하시연,차영주,이수진,김수현,현오봉,김승준,박건률,선인호,이동석,조운성,조진결,한지훈,황인직,이준창,황재운,임재민,강기원,전원표,정예서,민새희,오채은,이하주,유독현,이가현,김현식,박종범,이섭정,강한별,김솔로몬,장석준,이수형",1959.0,1541020.0,"액션,판타지,SF"
잠,롯데컬처웍스(주)롯데엔터테인먼트,2023-09-06,한국,유재선,"정유미,박현정,이선균,김금순,이동찬,오윤수,홍하나임,김국희,이경진,윤경호",1231.0,1470359.0,미스터리
외계+인 2부,(주)씨제이이엔엠,2024-01-10,한국,최동훈,"류준열,김태리,김우빈,이하늬,염정아,조우진,김의성,진선규,신정근,윤경호,이시훈,최미금,위지웅",1390.0,1430121.0,기타
위시,월트디즈니컴퍼니코리아 유한책임회사,2024-01-03,미국,"크리스 벅,폰 비라선손","아리아나 데보스,크리스 파인,알란 터딕",1421.0,1404568.0,애니메이션
달짝지근해: 7510,(주)마인드마크,2023-08-15,한국,이한,"유해진,김희선,차인표,진선규,한선화,정다은,이준혁,이지훈,윤병희,김서현,김기천,현봉식,기소유,이동용,최교식,이승훈,임승범,안주리,정우성,염혜란,임시완,고아성,우현,이호철,김범태,이한솔,김율호,신우희,강지은,김한솔,손정아,김호경,한태은,강충훈,홍성관,이동규,박도영,김범석,구본진,유수연,김경리,김륜호,한태진,김인경,장준현,강다희,장지훈,권귀빈,서정원,양재현,하시연,김민정,채송화,김수진,이왕수,신정만,전두현,우혁",1032.0,1388309.0,코미디
브로커,(주)씨제이이엔엠,2022-06-08,한국,고레에다 히로카즈,"송강호,강동원,배두나,이지은,이주영,임승수,박지용,김선영,이무생,이동휘,김새벽,백현진,오희준,류경수,종호,성유빈,박강섭,김금순,강길우,김예은,류지안,윤슬,장혜민,정종열,최희진,이도군,김도연,최효상,강민지,이가경,양권석,이두석,박종현,전선호,박영준,황도윤,김다나,김수현,배가진,김진아,나경철,이가은혜,송새벽,박해준,정지우,이도군,윤슬",1594.0,1261258.0,드라마
"오늘 밤, 세계에서 이 사랑이 사라진다 해도","(주)바이포엠스튜디오,홀리가든",2022-11-30,일본,미키 타카히로,"미치에다 슌스케,후쿠모토 리코,후루카와 코토네,마츠모토 호노카",439.0,1183536.0,멜로/로맨스
건국전쟁,다큐스토리,2024-02-01,한국,김덕영,,956.0,1173337.0,다큐멘터리
인생은 아름다워,롯데컬처웍스(주)롯데엔터테인먼트,2022-09-28,한국,최국희,"김동국,류승룡,염정아,박세완,옹성우,심달기,정현정,하현상,김다인,유순웅,이세령,김민체,조승연,조수지,변진수,문정대,박경근,김호준,정영섭,박경찬,황정윤,한이진,김영준,남성호,이희규,김진아,전무송,박영규,김혜옥,신신애,김종수,고창석,염혜란,김선영,류현경",1285.0,1172742.0,뮤지컬
드림,플러스엠 엔터테인먼트,2023-04-26,한국,이병헌,"박서준,아이유,김종수,고창석,정승길,이현우,양현민,홍완표,허준석,이하늬,박선웅,박재철,홍지석",1285.0,1128375.0,"코미디,드라마"
비공식작전,(주)쇼박스,2023-08-02,한국,김성훈,"하정우,주지훈,권은성,홍지석,임형국,김응수,김종수,박혁권,유승목,한수현,최정우,장소연",1151.0,1058745.0,드라마
1947 보스톤,"롯데컬처웍스(주)롯데엔터테인먼트,(주)콘텐츠지오,주식회사 에이투지엔터테인먼트",2023-09-27,한국,강제규,"하정우,임시완,배성우,김상호,오희준,박효주,서정연,최규환,송영창,이규복,정영주,박서원,박은빈,임현성,김정철,리민,윤희철,김서현,최종률,김민경,홍성덕,양지수,김환영,황자능,김수혁,서동규,안태준,구자건,이태형,이한종,천재홍,노형원,주영호,윤부진,정미남,조혜선,정익한,박기선,오경주,양소민,조홍우,양지수,최상재,정재윤,진범일",1282.0,1027545.0,드라마
댓글부대,(주)에이스메이커무비웍스,2024-03-27,한국,안국진,"손석구,김성철,김동휘,홍경,이찬유",1228.0,972914.0,"범죄,드라마"
신차원! 짱구는 못말려 더 무비 초능력 대결전 ~날아라 수제김밥~,(주)씨제이이엔엠,2023-12-22,일본,오네 히토시,,883.0,945457.0,애니메이션
스파이더맨: 어크로스 더 유니버스,소니픽쳐스엔터테인먼트코리아주식회사극장배급지점,2023-06-21,미국,호아킴 도스 산토스,"샤메익 무어,헤일리 스테인펠드,제이크 존슨,브라이언 타이리 헨리,오스카 아이삭",1103.0,923007.0,애니메이션
데시벨,(주)마인드마크,2022-11-16,한국,황인호,"김래원,채시은,임병훈,정상훈,이종석,박병은,이상희,김정우,나현우,박성훈,조인우,이종욱,박진수,신윤주,조달환,우지현,노성은,이승훈,윤정열,김건,장세원,안태환,류시안,명홍진,한민엽,권동호,김진환,위민국,김호준,손윤환,오동훈,김창헌,이한주,손승범,이화영,한기찬,정원석,김이준,신영찬,성백인,김동훈,김동연,류필립,정율건,장용희,이영훈,박수현,조강혁,장민수,이후림,이재준,차은우,이민기,김슬기,강경헌,차정환,최미라,한상경,김태훈,유민석,이승준,정우혁,한창현,고태영,김현동,윤지희,윤현길,손광익,박지원,서지원,최현주,임서영,이현하,손서영,이정준,안다정,감승민,윤기창,원시현,김하랑,설윤지,정현지,이윤호,차재현,최윤빈,임병택,정현옥,형영선,정재훈,조한결,김장원,이나민,오은지,전한나,전아희,윤재형,김진우,신치영,정다온,장은주",1152.0,901426.0,액션
정직한 후보2,(주)넥스트엔터테인먼트월드(NEW),2022-09-28,한국,장유정,"라미란,김무열,윤경호,서현우,박진주,윤두준,김용림,신재휘,배해선,성열석,이진희,장원형,박주용,임영우,신윤정,김귀선,하성광,정영기,류경환,정예훈,이혜라,홍승균,한창현,정혜경,한동호,김석영,채수연,박선혜,오재세,김아라,유형준,임태훈,정우혁,유일한,문규민,강숙,조용환,변동욱,홍인아,김태율,황우상,유영복,박재완,오규택,이은석,차정민,오윤수,이명자,이순풍,임용순,김동인,나호숙,김지혜,임승묵,이태영,유준상,김재화,김지성,온주완,윤사봉,나문희,이동찬,이재은",1318.0,899899.0,코미디
아쿠아맨과 로스트 킹덤,워너브러더스 코리아(주),2023-12-20,미국,제임스 완,"제이슨 모모아,패트릭 윌슨,야히아 압둘 마틴 2세,앰버 허드,니콜 키드먼",965.0,878012.0,"액션,어드벤처,판타지"
인디아나 존스: 운명의 다이얼,월트디즈니컴퍼니코리아 유한책임회사,2023-06-28,미국,제임스 맨골드,"해리슨 포드,안토니오 반데라스,존 라이스 데이비스,매즈 미켈슨",1268.0,860470.0,"어드벤처,액션"
극장판 짱구는 못말려: 수수께끼! 꽃피는 천하떡잎학교,(주)씨제이이엔엠,2022-09-28,일본,타카하시 와타루,,873.0,837755.0,애니메이션
장화신은 고양이: 끝내주는 모험,유니버설픽쳐스인터내셔널 코리아(유),2023-01-04,미국,조엘 크로포드,"안토니오 반데라스,셀마 헤이엑,올리비아 콜맨,하비 길렌,샘슨 카요,와그너 모라,안토니 멘데즈,존 멀레이니,플로렌스 퓨,더바인 조이 랜돌프,레이 윈스톤",924.0,836987.0,애니메이션
명탐정코난: 흑철의 어영,(주)씨제이이엔엠,2023-07-20,일본,타치카와 유즈루,,1030.0,801511.0,애니메이션
블랙 아담,워너브러더스 코리아(주),2022-10-19,미국,자움 콜렛 세라,"드웨인 존슨,노아 센티네오,피어스 브로스넌,퀸테사 스윈들,알디스 호지,사라 샤이",1524.0,779485.0,"액션,어드벤처,SF"
트랜스포머: 비스트의 서막,롯데컬처웍스(주)롯데엔터테인먼트,2023-06-06,미국,스티븐 카플 주니어,"안소니 라모스,피터 딘클리지",1123.0,769993.0,액션
대외비,플러스엠 엔터테인먼트,2023-03-01,한국,이원태,"조진웅,이성민,김무열,원현준,김민재,유승목,김윤성,박세진,손여은,이상원,박정표,박상원,허지원,정기섭,박기선,한갑수,문정대,박상규,손성찬,엄옥란,박재원,양정인,곽진,이상협,권혁성,우수빈,김제형,김수환,문순주,최병윤,김성곤,박시완,최현도,여이레,정소리,윤도영,김진,문지영,허민아,김형명,이원진,정조준,최동구,이형원,김민준,이정우,유상재,양택호,이태일,김미현,임종훈,김탁,이유주,송용환,김가은,조영진,최민철",1157.0,756355.0,"범죄,드라마"
자백,롯데컬처웍스(주)롯데엔터테인먼트,2022-10-26,한국,윤종석,"김도형,소지섭,김윤진,나나,최광일,박현숙,홍서준,박미현,서영주,황선희,한갑수,김용호,이강진,정청민,박지열,안문주,배재완,조진결,유건우,김관수,안애경,이동규,마정필,원동연,신훈희,김빛나래,백승훈,정윤하,이민식,이승현,김경석,오지영,진범일,김제형,최일순,한동원,유인혜,김시우,선율우,이재경,안세진,홍달표,박시현,문헌주,김흥태",1115.0,738154.0,"범죄,스릴러"
극장판 짱구는 못말려: 동물소환 닌자 배꼽수비대,(주)씨제이이엔엠,2023-05-04,일본,하시모토 마사카즈,,844.0,732188.0,애니메이션
프레디의 피자가게,유니버설픽쳐스인터내셔널 코리아(유),2023-11-15,미국,엠마 타미,"조쉬 허처슨,엘리자베스 라일,캣 코너 스털링,파이퍼 루비오,메리 스튜어트 매스터슨,매튜 릴라드",1041.0,712361.0,"공포(호러),스릴러"
리바운드,(주)바른손이앤에이,2023-04-05,한국,장항준,"홍성우,나현우,김영훈,배진완,안재홍,이신영,정진운,정건주,김민,안지호,이준혁,김회진,김수진,강애심,민무제,최정윤,배성일,강신철,유인혜,송창규,이상원,이태영,백도겸,오현수,서자영,정서인,전영,윤인조,김용현,조준기,양한열,송예슬,김희상,변진수,유순웅,박경관,장준혁,정승원,김정한,이진혁,박시환,이남우,김방선,이형석,이은주,김종은,노경,유인혁,정윤호,한주희,백재민,이순원,성도현,정대경,이준서,김서원,김병준,조윤담,현진호,이진한,안정빈,한대훈,박건우,장현성,박상면,박재민",1154.0,699723.0,드라마
더 마블스,월트디즈니컴퍼니코리아 유한책임회사,2023-11-08,미국,니아 다코스타,"브리 라슨,테요나 패리스,이만 벨라니,자웨 애쉬튼,사무엘 L. 잭슨,박서준",1532.0,690814.0,"액션,SF"
귀공자,(주)넥스트엔터테인먼트월드(NEW),2023-06-21,한국,박훈정,"정예지,김선호,강태주,김강우,고아라,손정아",966.0,682856.0,액션
유령,(주)씨제이이엔엠,2023-01-18,한국,이해영,"설경구,이하늬,박소담,박해수,서현우,김동희,김중희,고인범,조하석,서진원,유경훈,박상훈,김명선,한우열,윤정섭,손경표,김영택,김형서,박가영,금새록,공대유,김혜옥,김종수,이솜,이주영",1099.0,664146.0,"드라마,액션"
인어공주,월트디즈니컴퍼니코리아 유한책임회사,2023-05-24,미국,롭 마샬,"멜리사 맥카시,하비에르 바르뎀,아콰피나",1364.0,647706.0,"뮤지컬,가족,판타지,멜로/로맨스"
플래시,워너브러더스 코리아(주),2023-06-14,미국,안드레스 무시에티,"에즈라 밀러,마이클 키튼",1258.0,635269.0,액션
압꾸정,(주)쇼박스,2022-11-30,한국,임진순,"마동석,도희원,정경호,오나라,최병모,오연서,류승수,임형준,나광훈,길해연,차우진,김찬형,한보름,김서연,남미정,박지훈,장명진,조용근,정지소,진선규,김숙,오희준,이재성,송진희,최형욱,김영미",1229.0,608639.0,"코미디,드라마"
바비,워너브러더스 코리아(주),2023-07-19,미국,그레타 거윅,"마고 로비,라이언 고슬링,아메리카 페레라,케이트 맥키넌,잇사 레이,두아 리파,시무 리우",780.0,586371.0,기타
극장판 포켓몬스터DP: 기라티나와 하늘의 꽃다발 쉐이미,(주)넥스트엔터테인먼트월드(NEW),2022-06-01,일본,유야마 쿠니히코,"마츠모토 리카,오오타니 이쿠에,이선호,김영선",809.0,581216.0,애니메이션
남은 인생 10년,"(주)바이포엠스튜디오,(주)디스테이션",2023-05-24,일본,후지이 미치히토,"고마츠 나나,사카구치 켄타로,쿠로키 하루,마츠시게 유타카,릴리 프랭키",529.0,558330.0,멜로/로맨스
괴물,(주)넥스트엔터테인먼트월드(NEW),2023-11-29,일본,고레에다 히로카즈,"안도 사쿠라,다나카 유코,나가야마 에이타,쿠로카와 소야,히이라기 히나타",647.0,536281.0,"드라마,미스터리"
"귀멸의 칼날: 상현집결, 그리고 도공 마을로",(주)디스테이션,2023-03-02,일본,소토자키 하루오,"하나에 나츠키,키토 아카리,시모노 히로,마츠오카 요시츠구",410.0,535969.0,애니메이션
3일의 휴가,(주)쇼박스,2023-12-06,한국,육상효,"김해숙,신민아,강기영,황보라,박명훈",863.0,527989.0,"판타지,드라마"
더 문,(주)씨제이이엔엠,2023-08-02,한국,김용화,"설경구,도경수,김희애,박병은,조한철,최병모,홍승희,최형욱,이성민,김래원,이이경,최정우,백승철,한수현,전신환,이상원,염지영,정윤하,심영은,박충환,백승현,조승연,이윤재,최대성,강내균,강민재,강준석,김기태,김도형,김시국,김예은,김진태,김희성,박인국,여이레,이나현,임소현,장은서,차영주,채하니,최필상,허중회,순정,황재운,황재훈,김혜원,김상호,김난영,김준범,한승엽,정지우,최혜진,신서우,이지유,박현준,김상욱,백수진,장은서,전성아,홍성오,황인성",1187.0,516556.0,"SF,액션,드라마"
고질라 X 콩: 뉴 엠파이어,워너브러더스 코리아(주),2024-03-27,미국,아담 윈가드,"댄 스티븐스,레베카 홀,브라이언 타이리 헨리",995.0,510292.0,"액션,어드벤처,SF"
"귀멸의 칼날: 인연의 기적, 그리고 합동 강화 훈련으로",씨제이 씨지브이(CJ CGV)(주),2024-02-14,일본,소토자키 하루오,,393.0,497320.0,애니메이션
명탐정 코난: 할로윈의 신부,(주)씨제이이엔엠,2022-07-13,일본,미츠나카 스스무,,758.0,495842.0,애니메이션
동감,씨제이 씨지브이(CJ CGV)(주),2022-11-16,한국,서은영,"신기환,여진구,조이현,김혜윤,나인우,배인혁,노재원,남민우,신주협,여주하,임유빈,김보윤,김수혁,박지안,이지연,하동준,문창준,강동진,전윤혁,이기욱,박정환,차현주,장원석,고국희,채승우,박대영,이동현,한명환,김다영,박종희,장윤,신기환,최광균,이석엽,지성준,전준수,김시현,백길찬,김기태,이호윤,박찬혁,오승희,신기한,김용진,송우림,구금비,오상의,박준호,조태호,이주예,송채연,류인아,이지혜,이수민,윤상영,양은솔,유재명,박하선",1013.0,490145.0,멜로/로맨스
소년들,(주)씨제이이엔엠,2023-11-01,한국,정지영,"설경구,유준상,진경,허성태,염혜란,김동영,김시운,유수빈,조현도,김도엽,서인국,배유람,하도권,이호철,윤병희,이가경,조유하,정원중,박철민,박희진,한수연,이정현,이요섭,정예진,이예원,윤설,서예화,노진원,노진원,조진웅,박소이,박원상,이광연,윤진영,김재록,주부진,조정환,하정민,정형기,이서환,이승훈,이도군,리우진",1042.0,471425.0,"드라마,범죄"
늑대사냥,"TCO(주)더콘텐츠온,씨제이 씨지브이(CJ CGV)(주)",2022-09-21,한국,김홍선,"김세중,서인국,장동윤,최귀화,성동일,박호산,정소민,고창석,장영남,손종학,이성욱,홍지윤,정문성,임주환,권오율,김문학,김찬형,정수교,심우성,정재훈,유현수,김기창,엄준기,박봉준,신성민,강신철,이승훈,박민석,안지혜,강정우,김대한,김진만,조성구,윤기창,김철윤,송지혁,손현준,양승호,전우재,김해준,지남혁,김성령,정원영,장재호,김민철,이종윤,조형래,김태준,서석규,윤돈선,최현준,김원중,이재호,조기태,박선준,정하준,서정우,황명환,구민혁,임지섭,이원행,최우빈,장솔,김재명,안현준,김선민,신동력,김현,차영주,김용훈,조연희,최상식,박승진,천재홍,유상재,장주완,강용규,황인환,이병호,이충식,이원행,최광휘,김대연,송원종,이혜미,이시안,이정우,한태양,김태윤,김민수,김정훈,정시훈,최영우,안현준,김한준,이성민,김현진,김바비,서정빈,백승익,송원종,김대근,안현준,최광휘,송지민,김민석,김도환,서정원,신승환,정성일,권율,권수현,이홍내,김강훈,전혜원,박성현",1226.0,458720.0,"액션,범죄"
뽀로로 극장판 드래곤캐슬 대모험,(주)넥스트엔터테인먼트월드(NEW),2022-07-28,한국,"강승훈,윤제완","이선,이미자,김현지,홍소영,정미숙,김서영,김환진,소연,김혜성,이장원,사문영,엄상현",748.0,451136.0,애니메이션
신비아파트 극장판 차원도깨비와 7개의 세계,(주)씨제이이엔엠,2022-12-14,한국,변영규,"김영은,김채하,신용우,조현정,양정화,강새봄,김명준,김현수,박성태,김율,강성우,유혜지,여민정,이달래,이우리,김동현,김윤기,황동현,채림,박이서",686.0,432388.0,애니메이션
타겟,플러스엠 엔터테인먼트,2023-08-30,한국,박희곤,"신혜선,김성균,임성재,강태오,임철수,이주영,금새록,노영학,김광현,조용준,최재섭,신승용,강내균,정우영,변진수,김원식,서덕인,송우림,정다온,박준희,김최용준,정재헌,민정기,신경석,이규섭,이연빈,박범수,전영,유정호,권구남,이민영,민채연,이은주,이서윤,유인서,오가빈,이혜준,김다한,지다연,최명빈,한이원,이육헌",986.0,424916.0,스릴러
스위치,롯데컬처웍스(주)롯데엔터테인먼트,2023-01-04,한국,마대윤,"권상우,오정세,이민정,박소이,김준,김미경,김명선,이서환,차시원,성병숙,김승훈,윤대열,민태율,이가경,이세인,정형석,황병국,문정대,고기영,김용우,황사무엘,손석배,노경섭,이주한,백경선,김희정,이윤규,이현지,김진우,유재명,황승언,송영재,이지훈",912.0,422417.0,기타
놉,유니버설픽쳐스인터내셔널 코리아(유),2022-08-17,미국,조던 필,"다니엘 칼루야,키키 팰머,스티븐 연,마이클 윈콧,브랜든 페레아",1031.0,416048.0,"미스터리,공포(호러)"
서치 2,소니픽쳐스엔터테인먼트코리아주식회사극장배급지점,2023-02-22,미국,"니콜라스 D 존슨,윌 메릭","스톰 리드,켄 렁,다니엘 헤니,니아 롱",868.0,414598.0,"미스터리,스릴러"
리멤버,(주)에이스메이커무비웍스,2022-10-26,한국,이일형,"이성민,남주혁,박근형,정만식,윤제문,송영창,문창길,박병호,최민철,남문철,양현민,박세현,윤우,박서연,하도권,이승준,박민이,이서준,송유현,하영,김귀선,이창직,남민우,이우성,김우진,한사명,함희수,정순원,김훈만,정영섭,이재혁,조태일,박성현,공경배,황연희,설창희,권범택,남상지,윤기창,박진영,이지유,김율호,강충훈,권반석,구자건,정충구,김민체,배명진,윤세웅,백익남,최솔희,권민경,오유미,이승준,한창현,박충환,서동복,강춘성,배기림,김도경,전두현,김태웅,김성곤,한지호,반혜영,조현수,김해준,이우주,진범일,노희중,한명철,곽나연,백승환,김윤찬,이정철,최기상,김성하,박병관,송경아,박용복,황영수,강종성,김상동,김지현,채승혜,박혜영,정예서,이다정,서호준,김관수,문지현,홍인아,정상현,김홍파,김근영,정한빈",1189.0,412836.0,드라마
트롤: 밴드 투게더,유니버설픽쳐스인터내셔널 코리아(유),2023-12-20,미국,월트 도른,"안나 켄드릭,저스틴 팀버레이크,주이 디샤넬,에이미 슈머,앤드류 라넬스",845.0,407589.0,애니메이션
인시디어스: 빨간 문,소니픽쳐스엔터테인먼트코리아주식회사극장배급지점,2023-07-19,미국,패트릭 윌슨,"패트릭 윌슨,타이 심킨스",758.0,401656.0,공포(호러)
싱글 인 서울,롯데컬처웍스(주)롯데엔터테인먼트,2023-11-29,한국,박범수,"이동욱,임수정,이솜,장현성,김지영,이미도,이상이,지이수,조영진,손지나,박슬기,한종훈,강인기,윤계상,조달환,정우영,김미수,류혜린,박유밀,한사명,송훈,윤대열,임우철,홍성덕,윤혜리,조민국,이태형,황대기,안희주,장래군,박병우,방예인,설찬미,한동희,이한종,구시연,이동건,오준혁,황기석,김예지",917.0,400681.0,"멜로/로맨스,코미디"
카운트,(주)씨제이이엔엠,2023-02-22,한국,권혁재,"진선규,김지창,성유빈,고창석,오나라,장동주,고규필,한태경,김욱인,이종화,최형태,추정훈,태인호,차순배,이준혁,이홍내,우정원,한철우,전승재,이일화,박성근,김한종,이윤희,전승재,임정민",946.0,398542.0,드라마
뽀로로 극장판 슈퍼스타 대모험,씨제이 씨지브이(CJ CGV)(주),2023-12-13,한국,"윤제완,김성민","이선,이미자,함수정,홍소영,정미숙,김서영,김환진,사문영,한신,심규혁,김율,황창영",850.0,387491.0,애니메이션
에브리씽 에브리웨어 올 앳 원스,워터홀컴퍼니(주),2022-10-12,미국,"다니엘 콴,다니엘 쉐이너트","양자경,스테파니 수,키 호이 콴,제이미 리 커티스",620.0,385617.0,"액션,코미디"
상견니,"오드,리바이브콘텐츠 주식회사,씨제이 씨지브이(CJ CGV)(주)",2023-01-25,대만,황천인,"가가연,허광한,시백우",699.0,384476.0,"드라마,판타지,멜로/로맨스"
도그데이즈,(주)씨제이이엔엠,2024-02-07,한국,김덕민,"윤여정,유해진,김윤진,정성화,김서형,다니엘 헤니,이현우,탕준상,윤채나,김고은",847.0,368095.0,드라마
더 넌 2,워너브러더스 코리아(주),2023-09-27,미국,마이클 차베즈,"타이사 파미가,보니 아론스,조나스 블로켓,안나 팝플웰",720.0,360743.0,공포(호러)
탄생,"씨제이 씨지브이(CJ CGV)(주),(주)레드아이스 엔터테인먼트",2022-11-30,한국,박흥식,"윤시윤,안성기,윤경호,이문식,이호원,이경영,신정근,송지연,하경,김광규,임현수,김승훈,박지훈,성혁,백지원,최무성,차청화,남다름,이준혁,강말금,김강우,정유미,강덕중,송길호,정준환,송훈,한창현,이문빈,고봉구,김동현,이승훈,조재룡,최윤우,한바다,김용태,이경훈,최로운,최민주,김형도,김나운,나기수,강두,박주연,장민영,김여준,공현지,이용이,김대종,이호영,이용헌,오현진,김성수,김재훈,신성용,고해성,전운종,김기현,김주헌,장용원,황수진,양정인,윤지애",690.0,356229.0,드라마
소풍,롯데컬처웍스(주)롯데엔터테인먼트,2024-02-07,한국,김용균,"나문희,김영옥,박근형,류승수,이항나,공상아,임지규,최선자,이용이,한태일,곽자형,정혜자,나호숙,차희,신예서,엄주연,이주미,황효은,나은미,허종오,장재용,조형우,성병숙",729.0,349974.0,드라마
인투 더 월드,유니버설픽쳐스인터내셔널 코리아(유),2024-01-10,미국,벤자민 레너,"엘리자베스 뱅크스,캐롤 케인,아콰피나,쿠마일 난지아니",839.0,348438.0,애니메이션
버즈 라이트이어,월트디즈니컴퍼니코리아 유한책임회사,2022-06-15,미국,앵거스 맥클레인,"크리스 에반스,타이카 와이티티,피터 손",844.0,344774.0,"애니메이션,액션,어드벤처"
웅남이,씨제이 씨지브이(CJ CGV)(주),2023-03-22,한국,박성광,"박성웅,최민수,오달수,염혜란,윤제문,이이경,백지혜,서동원,한다솔,정우성,안일권,김기천,변진수,최선자,양주호,곽민호,장덕출,김광식,김종구,노기홍,정규석,정기욱,고덕원,이서율,박강토,양동혁,오지영,설도희,김미성,이광훈,허진성,이성하,정현옥,전지학,유병선,김인석,이얀,하회정,한상경,전재현,강준규,김대근,곽기훈,문웅기,류한종,이민교,양해준,박건주,소계원,장두경,송인준,인선호,문기환,정우철,장효준,정유동,노일환,홍기주,서현우",829.0,314241.0,"코미디,액션"
거미집,(주)바른손이앤에이,2023-09-27,한국,김지운,"송강호,임수정,오정세,전여빈,정수정,박정수,장영남,정우성,엄태구,염혜란,김민재,김동영,김재건,장광,정인기,장남열,정기섭,김중희,김문학,조승구,이혜아,김홍국,이선우,조지승,조윤담,한서울,유민주,노아림,정미형,남지우,허영진,채하니",1058.0,313686.0,"코미디,드라마"
던전 앤 드래곤: 도적들의 명예,롯데컬처웍스(주)롯데엔터테인먼트,2023-03-29,미국,,"크리스 파인,미셸 로드리게즈,레게-장 페이지,저스티스 스미스,소피아 릴리스,휴 그랜트",1105.0,293760.0,"액션,어드벤처,판타지"
극장판 스파이 패밀리 코드 : 화이트,"(주)넥스트엔터테인먼트월드(NEW),(주)대교 미디어콘텐츠사업본부",2024-03-20,일본,카타기리 타카시,"에구치 타쿠야,타네자키 아츠미,하야미 사오리",917.0,282832.0,애니메이션
용감한 시민,(주)마인드마크,2023-10-25,한국,박진표,"신혜선,이준영,박정우,박혁권,차청화,손숙,이중옥,이찬형,동효희,남정우,장혜조,김경룡,김소희,김정호,김혜화,김동혁,이필라,하경민,이주미",887.0,267371.0,"액션,드라마"
화란,플러스엠 엔터테인먼트,2023-10-11,한국,김창훈,"홍사빈,송중기,김형서,정재광,유성주,박보경,김종수,서동갑,홍서백,정만식,김홍파,표동준,정용주,이종욱,박수영,유수정,노승우,서문호,이재한,강희제,이관민,조승연,김진우,김문학,박인규",976.0,264050.0,드라마
크리에이터,월트디즈니컴퍼니코리아 유한책임회사,2023-10-03,미국,가렛 에드워즈,"존 데이비드 워싱턴,젬마 찬",878.0,262823.0,"SF,액션"
옥수역귀신,(주)스마일이엔티,2023-04-19,"한국,일본",정용기,"김보라,서제광,김재현,신소율,김강일,김수진,김광현,김나윤,김은민,유채련,한희택,조연호,진대연,이종성,엄채윤,박노아,이수아,박세정,한여름,최호영,강지혜,현명한,소계원,김종원,이채훈,김수현,홍성민,황지후,김구택,장준휘,박재한,이원희",314.0,256520.0,"공포(호러),미스터리"
아임 히어로 더 파이널,"씨제이포디플렉스 주식회사,CGV ICECON",2023-03-01,한국,오윤동,임영웅,146.0,250702.0,"공연,다큐멘터리"
DC 리그 오브 슈퍼-펫,워너브러더스 코리아(주),2022-08-10,미국,"자레드 스턴,샘 레빈","드웨인 존슨,케빈 하트,키아누 리브스,존 크래신스키",585.0,248798.0,"애니메이션,액션,어드벤처"
데드맨,플러스엠 엔터테인먼트,2024-02-07,한국,하준원,"조진웅,김희애,이수경,권영주",800.0,238235.0,범죄
소울메이트,(주)넥스트엔터테인먼트월드(NEW),2023-03-15,한국,민용근,"김다미,전소니,변우석,장혜진,박충선,허지나,류지안,강말금,현봉식,이현균,오민애,정수지,김정현,박지연,박진수,이석형,박경은,임영주,조대희,어성욱,김동인,안현정,박정환,임정균,리우진,김나윤,채윤희,조수연,김미소,김남규,이종훈,곽진석,우정환,황우상,이광호,신치영,최교식,이강진,김기정,나규비,김환영,황자능,이정철,석예린,이류경,원서영,황지선,오채은,강민지,김동원,박성연,김새벽,이유진,김경애,박찬우",749.0,234885.0,드라마
극장판 헬로카봇: 수상한 마술단의 비밀,롯데컬처웍스(주)롯데엔터테인먼트,2022-09-28,한국,"최신규,이슬기,정승원","이지현,조경이,김용준,양정화,조경이,엄상현,홍범기,사문영,송준석,이정구,이장원,강시현,이현,원에스더",790.0,231236.0,애니메이션
메간,유니버설픽쳐스인터내셔널 코리아(유),2023-01-25,미국,제라드 존스톤,"앨리슨 윌리암스,바이올렛 맥그로우",704.0,230874.0,"공포(호러),스릴러,코미디"
아바타 리마스터링,월트디즈니컴퍼니코리아 유한책임회사,2022-09-21,미국,제임스 카메론,"샘 워싱턴,조 샐다나,시고니 위버,스티븐 랭",285.0,230712.0,"SF,어드벤처,액션,전쟁"
나폴레옹,소니픽쳐스엔터테인먼트코리아주식회사극장배급지점,2023-12-06,미국,리들리 스콧,"호아킨 피닉스,바네사 커비",822.0,227978.0,"전쟁,드라마"
젠틀맨,플러스엠 엔터테인먼트,2022-12-28,한국,김경원,"정혜자,주지훈,박성웅,최성은,강홍석,이달,박혜은,권한솔,이서환,박지훈,표영서,장천,임성재,이현균,한사명,곽민규,김난희,송광주,김귀선,한으뜸,오아연,한동희,김은민,최희진,김승비,이화정,이훈경,마웅규,최창욱,송방호,이윤재,임종화,홍석빈,조석인,배성일,박형준,이용석,김연진,서태왕,나경철,안예은,유병선,여성환",751.0,224718.0,범죄
극장판 뽀로로와 친구들: 바이러스를 없애줘!,(주)넥스트엔터테인먼트월드(NEW),2022-12-01,한국,박영균,"이선,이미자,김현지,홍소영,정미숙,김서영,김환진,이호산,엄상현",380.0,216905.0,애니메이션
스턴트맨,유니버설픽쳐스인터내셔널 코리아(유),2024-05-01,미국,데이빗 레이치,"라이언 고슬링,에밀리 블런트,애론 테일러 존슨,윈스턴 듀크,스테파니 수,테레사 팔머",801.0,214121.0,"액션,코미디,멜로/로맨스"
바빌론,롯데컬처웍스(주)롯데엔터테인먼트,2023-02-01,미국,데이미언 셔젤,"브래드 피트,마고 로비,디에고 칼바,진 스마트,조반 아데포,리 준 리,토비 맥과이어",852.0,213635.0,드라마
원피스 필름 레드,(주)넥스트엔터테인먼트월드(NEW),2022-11-30,일본,타니구치 고로,,550.0,206770.0,애니메이션
베니스 유령 살인사건,월트디즈니컴퍼니코리아 유한책임회사,2023-09-13,미국,케네스 브래너,"케네스 브래너,양자경,제이미 도넌,티나 페이,주드 힐,켈리 라일리",876.0,205102.0,"범죄,미스터리,스릴러,공포(호러)"
브레드이발소: 셀럽 인 베이커리타운,롯데컬처웍스(주)롯데엔터테인먼트,2024-03-01,한국,정지환,"엄상현,박윤희,강시현,홍범기,김현욱,송하림,조경이,정주원,윤아영,김신우",342.0,201256.0,애니메이션
멍뭉이,(주)키다리스튜디오,2023-03-01,한국,김주환,"유연석,차태현",649.0,196529.0,드라마
킬링 로맨스,롯데컬처웍스(주)롯데엔터테인먼트,2023-04-14,한국,이원석,"이상진,이하늬,이선균,공명,배유람,심달기,최준규,신민재,주광현,강학수,서정식,김영현,황대기,윤세웅,최종윤,정윤하,이서이,김준,김원진,한상철,이은주,김상욱,김상욱,오윤수,조현진,심우성,홍기주,원진호,최민국,최민국,신용식,안정호,한지호,조청원,김재호,박상원,이순성,권정우,손수호,이유진,이주성,송지훈,송태완,조애리,이도영,정동현,손주영,유요한,손선아,곽정길,정지민,김윤숙,김춘기,곽장륜,진범일,조승원,차유주,박은철,정경천,임현정,모일영,진성현,한성관,임유진,심달기,최덕문,오정세",998.0,191650.0,코미디
톡 투 미,"주식회사 올랄라스토리,롯데컬처웍스(주)롯데시네마",2023-11-01,"호주,영국","대니 필리푸,마이클 필리푸",,604.0,186426.0,공포(호러)
헝거게임: 노래하는 새와 뱀의 발라드,(주)누리픽쳐스,2023-11-15,미국,프란시스 로렌스,"레이첼 지글러,톰 블라이스,헌터 샤퍼,비올라 데이비스,피터 딘클리지,제이슨 슈왈츠먼",986.0,185507.0,"액션,어드벤처,SF,스릴러"
오멘: 저주의 시작,월트디즈니컴퍼니코리아 유한책임회사,2024-04-03,미국,아르카샤 스티븐슨,"넬 타이거 프리,타우픽 바롬,소냐 브라가,랄프 이네슨,빌 나이",644.0,180695.0,공포(호러)
오펀: 천사의 탄생,메가박스중앙(주),2022-10-12,미국,윌리엄 브렌트 벨,"이사벨 퍼만,줄리아 스타일즈,로지프 서덜랜드",707.0,177880.0,"공포(호러),스릴러"
극장판 엄마 까투리: 도시로 간 까투리 가족,(주)넥스트엔터테인먼트월드(NEW),2022-09-08,한국,정길훈,"김서영,이윤희,김은아,전해리,이지현,양정화,홍범기,엄상현,이현,이명호",616.0,173896.0,애니메이션
퍼피 구조대: 더 마이티 무비,롯데컬처웍스(주)롯데엔터테인먼트,2023-10-06,미국,캘런 브런커,"정선혜,박지윤,신용우,문남숙,엄상현",566.0,172545.0,"애니메이션,어드벤처"
플라워 킬링 문,롯데컬처웍스(주)롯데엔터테인먼트,2023-10-19,미국,마틴 스코세이지,"레오나르도 디카프리오,로버트 드 니로",719.0,167914.0,"범죄,드라마"
가문의 영광: 리턴즈,(주)넥스트엔터테인먼트월드(NEW),2023-09-21,한국,"정태원,정용기","윤현민,유라,김수미,탁재훈,정준하,추성훈,고윤",823.0,167878.0,코미디
마루이 비디오,"씨제이 씨지브이(CJ CGV)(주),(주)케이티알파",2023-02-22,한국,윤준형,"서현우,조민경,임한성,안현빈,안민영,장세원,김승비,이옥봉,이익수,김학준,김우진,윤효진,황연희,나종기,김진혁,박은홍,서성광,이새로미,곽민준,황기석,허종오,이정철,황대중,안재만,김종대,백인우,강민지",284.0,165892.0,"미스터리,공포(호러)"
"포켓몬스터: 성도지방 이야기, 최종장",롯데컬처웍스(주)롯데엔터테인먼트,2024-05-01,일본,유야마 쿠니히코,,710.0,157102.0,애니메이션
가여운 것들,월트디즈니컴퍼니코리아 유한책임회사,2024-03-06,미국,요르고스 란티모스,"엠마 스톤,마크 러팔로,윌렘 데포",471.0,156105.0,"드라마,코미디,멜로/로맨스"
불릿 트레인,소니픽쳐스엔터테인먼트코리아주식회사극장배급지점,2022-08-24,미국,데이빗 레이치,"브래드 피트,조이 킹,애론 테일러 존슨,브라이언 타이리 헨리,배드 버니",904.0,143620.0,액션
눈의 여왕5: 스노우 프린세스와 미러랜드의 비밀,메가박스중앙(주),2022-12-22,기타,알렉세이 트시칠린,,626.0,141354.0,애니메이션
아가일,유니버설픽쳐스인터내셔널 코리아(유),2024-02-07,미국,매튜 본,"헨리 카빌,브라이스 달라스 하워드,샘 록웰,브라이언 크랜스톤,캐서린 오하라,두아 리파,아리아나 데보스,존 시나,사무엘 L. 잭슨",841.0,140533.0,"액션,코미디"
극장판 슈퍼윙스: 맥시멈 스피드,(주)넥스트엔터테인먼트월드(NEW),2023-07-20,한국,정길훈,"문남숙,장은숙,최보배,전태열,이재범,엄상현",407.0,135976.0,애니메이션
보호자,(주)에이스메이커무비웍스,2023-08-15,한국,정우성,"정우성,김남길,김준한,박성웅,박유나,이엘리야,류지안,박성준,문성환,김주헌,박성근,김문학,박용,이은경,이효비,최수임,김준현,길창규,나종민,허승,김윤도,임준혁,이한결,오경택,이재성,송지우,신윤주,이가연,이세인,이하은,김서빈,이수민,김하나,권은성,최낙권,한대훈,배향,선우,강신하,이두석,민상우,박진영,김윤정",685.0,128487.0,"액션,드라마"
길위에 김대중,"(주)아이오케이컴퍼니,(주)명필름,(주)시네마6411",2024-01-10,한국,민환기,"김대중,김도영,김재록,서석규,김남희,장현성",414.0,127903.0,다큐멘터리
패스트 라이브즈,(주)씨제이이엔엠,2024-03-06,미국,셀린 송,"그레타 리,유태오,존 마가로",613.0,126437.0,드라마
두다다쿵: 후후섬의 비밀,(주)넥스트엔터테인먼트월드(NEW),2023-02-15,한국,"최병선,김지윤",,514.0,125978.0,애니메이션
메가로돈 2,워너브러더스 코리아(주),2023-08-15,미국,벤 휘틀리,"제이슨 스타뎀,오경",415.0,125935.0,액션
블루 자이언트,판씨네마(주),2023-10-18,일본,타치카와 유즈루,"야마다 유키,마미야 쇼타로,오카야마 아마네",574.0,121505.0,애니메이션
몬스터 패밀리 2,메가박스중앙(주),2023-08-02,영국,호거 태프,"에밀리 왓슨,닉 프로스트,제시카 브라운 핀들레이",434.0,119568.0,애니메이션
다음 소희,트윈플러스파트너스(주),2023-02-08,한국,정주리,"김시은,배두나,박우영,이인영,박희은,김용준,심희섭,정수하,박현하,이윤지,조하민,박윤희,최희진,유정호,문정웅,박서경,김우겸,김태웅,송요셉,나종민,허정도,박수영,권다함,황정민,한혜지,엄옥란,유재연,이종민,박건주,김우영,이승영,유용희,민재원,안소정,나예은,추은경,정수하,문성렬,문정웅",562.0,118953.0,드라마
말하고 싶은 비밀,"(주)바이포엠스튜디오,홀리가든",2023-12-13,일본,,사쿠라다 히요리,401.0,118928.0,멜로/로맨스
문재인입니다,유한회사 엠프로젝트,2023-05-10,한국,이창재,,602.0,116959.0,다큐멘터리
스트레인지 월드,월트디즈니컴퍼니코리아 유한책임회사,2022-11-23,미국,"돈 홀,퀴 응우옌","제이크 질렌할,데니스 퀘이드,자부키 영-화이트,가브리엘 유니온,루시 리우",699.0,112910.0,애니메이션
에브리씽 에브리웨어 올 앳 원스+,워터홀컴퍼니(주),2023-03-01,미국,"다니엘 콴,다니엘 쉐이너트","양자경,스테파니 수,키 호이 콴,제이미 리 커티스",234.0,111591.0,"액션,코미디"
캐리와 슈퍼콜라,롯데컬처웍스(주)롯데엔터테인먼트,2023-01-18,한국,"오성윤,이춘백","최정윤,엄상현,이다은,원옥화,정주원,이창민,한상태,김지정,강나후,김신비,소경호",474.0,111366.0,애니메이션
에어,워너브러더스 코리아(주),2023-04-05,미국,벤 애플렉,"맷 데이먼,벤 애플렉,제이슨 베이트먼,마론 웨이언스,크리스 메시나,크리스 터커,비올라 데이비스",656.0,110310.0,드라마
어메이징 모리스,(주)블루라벨픽쳐스,2023-02-15,독일,토비 젠켈,"휴 로리,에밀리아 클라크,데이빗 듈리스,히메쉬 파텔,정재헌,박지윤,오인성,김현욱,장미,홍진욱,정의한,이규창,김사라",559.0,109302.0,"애니메이션,판타지,어드벤처"
블랙폰,유니버설픽쳐스인터내셔널 코리아(유),2022-09-07,미국,스콧 데릭슨,"에단 호크,메이슨 테임즈,매들린 맥그로",495.0,107715.0,공포(호러)
스마일,롯데컬처웍스(주)롯데엔터테인먼트,2022-10-06,미국,파커 핀,"소지 베이컨,제시 어셔,카일 갈너,케이틀린 스테이시,칼 펜,롭 모건",455.0,105651.0,"미스터리,공포(호러)"
아기상어 극장판: 사이렌 스톤의 비밀,(주)넥스트엔터테인먼트월드(NEW),2024-02-07,미국,,"장예나,전태열,이희승(엔하이픈),박종성(엔하이픈),심재윤(엔하이픈),박성훈(엔하이픈,김선우(엔하이픈),양정원(엔하이픈),니시무라 리키(엔하이픈),김보민,이채린(CL),정재헌,김보나,김은아,윤은서,이상호",578.0,105010.0,애니메이션
추락의 해부,(주)스튜디오디에이치엘,2024-01-31,프랑스,쥐스틴 트리에,"산드라 휠러,스완 아를로,밀로 마차도 그라너",236.0,103251.0,"드라마,스릴러"
뉴 노멀,(주)바이포엠스튜디오,2023-11-08,한국,정범식,"최지우,이유미,최민호,표지훈,하다인,정동원,이문식,이주실,이동규,황승언,김미화,이주우,류제윤,이현지",546.0,103037.0,"스릴러,드라마,코미디"
비키퍼,(주)바른손이앤에이,2024-04-03,미국,데이비드 에이어,"제이슨 스타뎀,조쉬 허처슨,제레미 아이언스",713.0,102969.0,"액션,스릴러"
엘비스,워너브러더스 코리아(주),2022-07-13,미국,바즈 루어만,"오스틴 버틀러,톰 행크스,올리비아 데종",665.0,101522.0,드라마
스노우 폭스: 썰매개가 될 거야!,(주)팝엔터테인먼트,2023-11-23,미국,아론 우들리,"제레미 레너,알렉 볼드윈",479.0,97916.0,"애니메이션,어드벤처"
극장판 도라에몽: 진구와 하늘의 유토피아,씨제이 씨지브이(CJ CGV)(주),2023-07-08,일본,,"윤아영,김정아,이현주,조현정,최낙윤",283.0,97700.0,애니메이션
화사한 그녀,"(주)제이앤씨미디어그룹,(주)스튜디오 산타클로스엔터테인먼트",2023-10-11,한국,이승준,"엄정화,송새벽,방민아,손병호,김재화,박호산,김성식,박진우,정영주,정인기,조한준,김형우,윤현식,김재용,박영웅,배준수,정윤서,김준범,김성환,서명찬,유정호,정진우,박수현,하성광,권재원,강채빈,하윤서,나현정,김태양,이동민,소계원,최문경,김시윤,윤옥길,나수윤,화영진,채길병,박성웅,박수영,박형준",414.0,96146.0,코미디
방탄소년단: 옛 투 컴 인 시네마,"씨제이포디플렉스 주식회사,씨제이 씨지브이(CJ CGV)(주)",2023-02-01,한국,오윤동,"김남준,김석진,민윤기,정호석,박지민,김태형,전정국",120.0,92539.0,공연
"여름을 향한 터널, 이별의 출구",(주)미디어캐슬,2023-09-14,일본,타구치 토모히사,"코미야 아리사,코야마 리키야",269.0,92479.0,애니메이션
아이유 콘서트 : 더 골든 아워,씨제이 씨지브이(CJ CGV)(주),2023-09-13,한국,,이지은,63.0,87628.0,"공연,다큐멘터리"
바다 탐험대 옥토넛 어보브 앤 비욘드 : 육지 넘어 하늘까지!,와이드 릴리즈(주),2023-08-10,영국,,"하성용,정재헌,엄상현,윤승희,김율,유동균,김정은,한경화,박성영",245.0,84164.0,"애니메이션,어드벤처,액션"
사나: 저주의 아이,(주)바이포엠스튜디오,2023-10-04,일본,시미즈 다카시,,199.0,83945.0,공포(호러)
폴: 600미터,(주)스튜디오디에이치엘,2022-11-16,"영국,미국",스콧 만,"그레이스 캐롤라인 커리,버지니아 가드너,제프리 딘 모건",463.0,83310.0,"스릴러,액션"
악마들,TCO(주)더콘텐츠온,2023-07-05,한국,김재훈,"장동윤,오대환,최귀화,장재호,손종학,신승환,윤병희",613.0,81521.0,"액션,스릴러"
명탐정코난: 하이바라 아이 이야기 ~흑철의 미스터리 트레인,(주)씨제이이엔엠,2023-06-23,일본,,"타카야마 미나미,하야시바라 메구미",176.0,81475.0,애니메이션
파벨만스,(주)씨제이이엔엠,2023-03-22,미국,스티븐 스필버그,"미쉘 윌리엄스,폴 다노,세스 로건,가브리엘 라벨",450.0,81467.0,드라마
엑소시스트: 믿는 자,유니버설픽쳐스인터내셔널 코리아(유),2023-10-18,미국,데이빗 고든 그린,"엘렌 버스틴,레슬리 오덤 주니어,앤 도드",630.0,80219.0,공포(호러)
챌린저스,워너브러더스 코리아(주),2024-04-24,미국,루카 구아다니노,"젠데이아 콜먼,마이크 파이스트,조쉬 오코너",458.0,79821.0,"드라마,멜로/로맨스"
아르고 원정대: 꼬마 영웅 패티의 대모험,(주)스튜디오디에이치엘,2023-09-21,프랑스,"다비드 알로,에릭 토스티",,516.0,79721.0,애니메이션
바다 탐험대 옥토넛 : 탐험선 대작전,와이드 릴리즈(주),2022-08-11,영국,,"하성용,정재헌,엄상현,윤승희,김율,유동균,김정은,한경화",241.0,79200.0,"애니메이션,액션,어드벤처"
샤잠! 신들의 분노,워너브러더스 코리아(주),2023-03-15,미국,데이비드 F. 샌드버그,"제커리 리바이,애셔 앤젤,아담 브로디,잭 딜런 그레이저,그레이스 펄튼,로즈 버틀러,이안 첸,매건 굿,페이스 허만,D.J. 코드로나,조반 아만드,헬렌 미렌,루시 리우,레이첼 지글러,디몬 하운수",799.0,78743.0,"액션,어드벤처"
유미의 세포들 더 무비,"씨제이 씨지브이(CJ CGV)(주),롯데컬처웍스(주)롯데시네마",2024-04-03,한국,,"윤아영,신범식,송하림,안소이,사문영,안영미",441.0,76266.0,애니메이션
치킨래빗: 잃어버린 보물을 찾아서,(주)스튜디오디에이치엘,2023-03-18,"벨기에,프랑스",벤 스타센,"박시윤,김용,김소희",234.0,73427.0,애니메이션
프레이 포 더 데블,(주)올스타엔터테인먼트,2022-12-07,미국,다니엘 스탬,"콜린 살몬,버지니아 매드슨",517.0,71270.0,"미스터리,공포(호러)"
보 이즈 어프레이드,(주)스튜디오디에이치엘,2023-07-05,미국,아리 에스터,호아킨 피닉스,312.0,68762.0,"어드벤처,공포(호러)"
리미트,"TCO(주)더콘텐츠온,(주)제이앤씨미디어그룹",2022-08-31,한국,이승준,"이정현,함상혁,문정희,진서연,박명훈,최덕문,임철형,박경혜,오민석,백승철,전국향,최예찬,김지유,강성하,심우성,최백선,김명선,여민구,서지원,이유진,강인서,배준수,신정만,김하언,신서현,여시현,황호균,이시현,최배영,이경준,정윤서,박주용,김세희,이원장,강채빈,기윤,이윤규,정연,신용욱,이종민,심재호,장민수,김서빈,정창현,최형,전수지,김용현,성민준,최홍일,안도영,최윤슬",687.0,68097.0,"범죄,스릴러"
도티와 영원의 탑,(주)넥스트엔터테인먼트월드(NEW),2023-12-27,한국,"배완,양희성,박인한","나희선,최예린,이민호,이민형,차재원,엄상현,이명호,방보용,정빈,김하영,김병선,임채빈,김도희,이주원,주백호,송훈,박도영,김근환,장은서,정서진,박현기,김시우,송희,김기운,하시안,서부건,조수아,김예은,권서준,이나영,조성하,최아림,강지민,공은빈,김성하,옥수진,유규선,천민규,한효경,정찬,박신후,김경륜,이지우,허은우,김경림,홍성빈,이영호,고연우,김로아,홍윤서,박채원,이지엘,이효린,이다은,최예원,하예은,하예설,임소여,오지수,손정민,이율주,남도형,신범식",370.0,67870.0,애니메이션
크레센도,오드,2023-12-20,미국,헤더 윌크,,91.0,67401.0,다큐멘터리
쏘우 X,"(주)올스타엔터테인먼트,(주)플레이그램",2023-12-13,미국,케빈 그루터트,"토빈 벨,쇼니 스미스",571.0,65188.0,"공포(호러),스릴러"
대무가,"판씨네마(주),(주)케이티알파",2022-10-12,한국,이한종,"박성웅,양현민,류경수,정경호,서지유,남태우,기주봉,백현주,문창길,이용녀,김경익,박재홍,곽연근,이동희,양승호,서태성,이하늬,이태룡,권기하,이채현,이용희,홍민수,김준희,유순웅,선학,이가경,전재형,한이진,조기성,강홍렬,최재호,신승균,김동윤,윤현준,노형원,박정욱,정은성,곽지명,임은지,백란희,오혜현,이한누리,김진,오하늬,양경희,한재욱,홍준기,이준상,양정두,김다니엘,한동호,장명진,오창석,최한규,양준명,변만후,양경수,김바다,이하형,주광현,김주경,최진혁,나대남,조미라,허성우,김성하,이경재,서임철,최나무,김봉수,윤효식,임상희,윤경호,오대환,홍서준,서진원,한선화,최참사랑,김용완,김근영,정효진,김서영",587.0,63431.0,"드라마,코미디"
익스펜더블 4,"(주)올스타엔터테인먼트,(주)플레이그램",2023-10-18,미국,스캇 워프,"제이슨 스타뎀,실베스터 스탤론,메간 폭스,50 센트,토니 자,돌프 룬드그렌,이코 우웨이스,랜디 커투어,앤디 가르시아",634.0,63379.0,액션
본즈 앤 올,워너브러더스 코리아(주),2022-11-30,미국,루카 구아다니노,"테일러 러셀,티모시 샬라메,마크 라이런스,클로에 세비니",356.0,62773.0,"공포(호러),멜로/로맨스"
극장판 5등분의 신부,(주)애니플러스,2022-09-22,일본,진보 마사토,"마츠오카 요시츠구,하나자와 카나,타케타츠 아야나,이토 미쿠,사쿠라 아야네,미나세 이노리",91.0,62471.0,"애니메이션,드라마"
신체모음.zip,"(주)스튜디오디에이치엘,(주)싸이더스",2023-08-30,한국,"최원경,전병덕,이광진,지삼,김장미,서형우","김민석,김채은,한상혁,강준규,김아현,조우리,정준원,이진희,구본진,리우림,구선민,이교형,김희상,권아름,김윤정,이주은,우유민,이유진,김금원,김현정,도연진,백현주,소희정,조지승,최형태,임성재,김현정",269.0,62287.0,공포(호러)
시맨틱 에러: 더 무비,주식회사 왓챠,2022-08-31,한국,김수정,"박서함,박재찬,송지오,김노진,김원기,최수견,차재훈,김건희,김진성,정준교,허이진,박준환,이진성,경수빈,신민선,한태희,기현우,손범서,한태경,우주명,이혜민,문해민,김정민,석유진,이정혁,조성진,정주원,송명호",57.0,62204.0,멜로/로맨스
엔시티 드림 더 무비 : 인 어 드림,씨제이포디플렉스 주식회사,2022-11-30,한국,"이예지,오윤동",,103.0,62018.0,다큐멘터리
빅샤크4: 바다공룡 대모험,와이드 릴리즈(주),2022-07-06,중국,,"김용,김소희,박시윤",455.0,61783.0,어드벤처
수라,"스튜디오두마,미디어나무(주),스튜디오 에이드",2023-06-21,한국,황윤,황윤,136.0,61573.0,다큐멘터리
핑크퐁 시네마 콘서트3 : 진저브레드맨을 잡아라,더핑크퐁컴퍼니(주),2023-07-26,한국,변희선,"조경이,이소은,박요한,김새해,장예나",128.0,61203.0,애니메이션
더 킬러: 죽어도 되는 아이,"(주)아이에이치큐,(주)영화사 륙,(주)씨네필운",2022-07-13,한국,최재훈,"장혁,이서영,브루스 칸,이승준,방은정,최기섭,신승환,홍서준,이채영,유서진,조한슬,김홍경,최영우,이건구,위민국,박형준,김태원,백진욱,박수지,정현옥,정원석,박근형,김미소,이혜지,양재희,한경미,한정희,김진형,방병현,조현수,고용석,구본혁,정윤철,조승원,김동환,윤택승,이상엽,박준환,박경모,송지민,박예슬,정성훈,조동혁,김선간,송지민,권오철,전시완,조제웅,고상현,김승준,이충식,전솔휘,이광호,박용균,김동철,유시정,김경우,심상용,김동운,정성호,박재선,김주용,임동은,김세빈,전찬웅,김용훈,황진모,심영석,오태승,김태진,조동혁,정성훈,윤기현,김주호,최민,정지상,이준,최재옥,김도연,박경모,김태경,손현주,차태현,박영운",314.0,60175.0,액션
티켓 투 파라다이스,유니버설픽쳐스인터내셔널 코리아(유),2022-10-12,미국,올 파커,"줄리아 로버츠,조지 클루니,케이틀린 디버",581.0,60171.0,"멜로/로맨스,코미디"
슬픔의 삼각형,"그린나래미디어(주),(주)플레이그램,메가박스중앙(주)",2023-05-17,미국,루벤 외스틀룬드,"우디 해럴슨,해리스 딕킨슨",294.0,58509.0,"코미디,드라마"
바다 탐험대 옥토넛 육지수호 대작전 : 열대우림을 지켜라!,와이드 릴리즈(주),2023-02-23,영국,,"하성용,정재헌,엄상현,윤승희,김율,유동균,김정은,한경화,박성영,이재현",284.0,57452.0,"애니메이션,액션,어드벤처"
기동전사 건담 시드 프리덤,워터홀컴퍼니(주),2024-04-03,일본,후쿠다 미츠오,"호시 소이치로,이시다 아키라,타나카 리에",418.0,56596.0,애니메이션
더 웨일,(주)스튜디오디에이치엘,2023-03-01,미국,대런 아로노프스키,브렌든 프레이저,203.0,56591.0,드라마
애스터로이드 시티,유니버설픽쳐스인터내셔널 코리아(유),2023-06-28,미국,웨스 앤더슨,"제이슨 슈왈츠먼,스칼렛 요한슨,톰 행크스,제프리 라이트,틸다 스윈튼,브라이언 크랜스톤,에드워드 노튼,애드리언 브로디,리브 슈라이버,홉 데이비스",269.0,56455.0,드라마
바람 따라 만나리 : 김호중의 계절,"씨제이포디플렉스 주식회사,CGV ICECON",2023-10-18,한국,오윤동,김호중,78.0,56056.0,"공연,다큐멘터리"
류이치 사카모토: 오퍼스,"(주)엣나인필름,메가박스중앙(주)",2023-12-27,일본,소라 네오,사카모토 류이치,251.0,55380.0,"공연,다큐멘터리"
고고다이노 극장판: 얼음공룡의 비밀,"(주)넥스트엔터테인먼트월드(NEW),(주)블루라벨픽쳐스",2022-10-05,한국,이선명,"이민규,전태열,김은아,엄상현,성완경,신용우,홍범기,김율,남도형,김명준,천지선,김채하,이영아,최향윤",531.0,54231.0,애니메이션
라일 라일 크로커다일,소니픽쳐스엔터테인먼트코리아주식회사극장배급지점,2023-01-18,미국,"조쉬 고든,윌 스펙","하비에르 바르뎀,콘스탄스 우,스쿳 맥네이리,윈슬로우 페글리,숀 멘데스,브렛 겔맨",384.0,54192.0,"가족,뮤지컬,드라마"
런닝맨: 리벤져스,(주)넥스트엔터테인먼트월드(NEW),2023-08-10,한국,엄영식,,221.0,54097.0,애니메이션
렌필드,유니버설픽쳐스인터내셔널 코리아(유),2023-04-19,미국,크리스 맥케이,"니콜라스 홀트,니콜라스 케이지,아콰피나",577.0,53358.0,"코미디,판타지,공포(호러)"
사운드 오브 프리덤,(주)넥스트엔터테인먼트월드(NEW),2024-02-21,미국,알레한드로 고메즈 몬테베르드,제임스 카비젤,248.0,53312.0,범죄
마야 3: 숲속 왕국의 위기,(주)박수엔터테인먼트,2023-08-24,독일,노엘 클리어리,,208.0,53226.0,애니메이션
인생은 뷰티풀: 비타돌체,"씨제이 씨지브이(CJ CGV)(주),씨제이포디플렉스 주식회사",2022-09-07,한국,"김선형,오윤동",김호중,107.0,52969.0,"다큐멘터리,공연"
엔니오: 더 마에스트로,"(주)영화사 진진,(주)씨네필운",2023-07-05,이탈리아,쥬세페 토르나토레,"엔니오 모리꼬네,클린트 이스트우드,쿠엔틴 타란티노,존 윌리엄스,한스 짐머,왕가위,브루스 스프링스틴,퀸시 존스",67.0,52246.0,다큐멘터리
아인보: 아마존의 전설,(주)디스테이션,2022-10-26,"페루,네덜란드,미국","리처드 클라우스,호세 젤라다",,401.0,51683.0,애니메이션
컴백홈,(주)제이앤씨미디어그룹,2022-10-05,한국,이연우,"송새벽,라미란,이범수,이경영,김원해,이준혁,오대환,인교진,이중옥,황재열,이상원,안석환,염동헌,이윤건,임형택,나종민,윤세웅,김대희,김준호,김지민,강은진,최환이,김영휘,서인혁,신민호,노진영,배강민,천영암,문학진,남지우,이현빈,유석원,김사훈,김범태,권윤구,황정훈,김현창,홍대영,오윤수,김영훈,이택희,이현영,박정숙,서하영,오누리,홍기주",603.0,51404.0,"드라마,코미디"
마브카 : 숲의 노래,(주)팝엔터테인먼트,2023-10-18,"우크라이나,미국",올레말라므,,489.0,51220.0,"애니메이션,어드벤처"
핑크퐁 시네마 콘서트 2: 원더스타 콘서트 대작전,(주)넥스트엔터테인먼트월드(NEW),2022-12-21,한국,김수경,"조경이,이소은,김새해,송하림,김채하,정혜원,여민정,황창영",432.0,51007.0,애니메이션
고스트버스터즈: 오싹한 뉴욕,소니픽쳐스엔터테인먼트코리아주식회사극장배급지점,2024-04-17,미국,길 키넌,"폴 러드,핀 울프하드,맥케나 그레이스,빌 머레이,댄 애크로이드,어니 허드슨",671.0,50879.0,"액션,어드벤처"
거울 속 외딴 성,워터홀컴퍼니(주),2023-04-12,일본,하라 케이이치,"아시다 마나,키타무라 타쿠미,타카야마 미나미,미야자키 아오이",335.0,50772.0,"애니메이션,미스터리,판타지"
애프터썬,"그린나래미디어(주),(주)영화사 안다미로",2023-02-01,영국,,폴 메스칼,64.0,49882.0,드라마
스즈메의 문단속: 다녀왔어,(주)쇼박스,2024-01-10,일본,신카이 마코토,"하라 나노카,마츠무라 호쿠토",185.0,48570.0,애니메이션
극장판 도라에몽: 진구의 우주소전쟁 리틀스타워즈 2021,(주)스마일이엔티,2022-08-03,일본,야마구치 스스무,"윤아영,김정아,이현주,조현정,최낙윤",389.0,48255.0,애니메이션
사랑할 땐 누구나 최악이 된다,"그린나래미디어(주),(주)하이스트레인저",2022-08-25,노르웨이,요아킴 트리에,"레나테 레인스베,앤더스 다니엘슨 라이,헤르베르트 노르드룸",80.0,48167.0,"멜로/로맨스,드라마"
스파이 코드명 포춘,"(주)레드아이스 엔터테인먼트,(주)제이앤씨미디어그룹",2023-08-30,미국,가이 리치,"제이슨 스타뎀,휴 그랜트,조쉬 하트넷,캐리 엘위스,오브리 플라자",477.0,47004.0,액션
도그맨,(주)레드아이스 엔터테인먼트,2024-01-24,프랑스,뤽 베송,"케일럽 랜드리 존스,조조 T. 깁스",496.0,46705.0,드라마
로봇 드림,"(주)영화사 진진,(주)하이스트레인저",2024-03-13,"스페인,프랑스",파블로 베르헤르,,114.0,45915.0,애니메이션
악은 존재하지 않는다,"그린나래미디어(주),(주)레드아이스 엔터테인먼트",2024-03-27,일본,하마구치 류스케,"오미카 히토시,니시카와 료,코사카 류지,시부타니 아야카",149.0,45271.0,드라마
랜드 오브 배드,메가박스중앙(주),2024-03-13,미국,윌리엄 유뱅크,"러셀 크로우,리암 헴스워스,루크 헴스워스,마일로 벤티밀리아",394.0,44642.0,"액션,전쟁"
더 와일드: 야수들의 전쟁,"TCO(주)더콘텐츠온,(주)제이앤씨미디어그룹,(주)아센디오",2023-11-15,한국,김봉한,"박성웅,오대환,오달수,주석태,서지혜,강현아,라윤",239.0,44540.0,"액션,범죄"
극장판 아이돌리쉬 세븐; 라이브 4비트 비욘드 더 피리어드 - 데이 2,메가박스중앙(주),2023-10-19,일본,니시키오리 히로시,"오노 켄쇼,하타노 와타루,호시 소이치로",78.0,43509.0,애니메이션
1980,"(주)제이앤씨미디어그룹,와이드 릴리즈(주)",2024-03-27,한국,강승용,"강신일,김규리,백성현,한수연,박준혁,전수진,이정우,윤정로,이달형,박노식,나종민,황인무",521.0,43224.0,드라마
"""2022 영탁 단독 콘서트 """"탁쇼""""""",씨제이 씨지브이(CJ CGV)(주),2023-06-28,한국,송승연,,72.0,42384.0,"공연,다큐멘터리"
귀못,와이드 릴리즈(주),2022-10-19,한국,탁세웅,"박하나,허진,정영주,오은서,김주은,전영,구본웅,하시연,이광훈,조영미,박종현,사민경,차은재",208.0,42342.0,공포(호러)
애프터 양,"(주)영화특별시에스엠씨,주식회사 왓챠",2022-06-01,미국,코고나다,콜린 파렐,161.0,42147.0,"드라마,SF"
"어쩌다 공주, 닭냥이 왕자를 부탁해!",(주)팝엔터테인먼트,2022-09-08,프랑스,줄리앙 프루네,,306.0,41140.0,"애니메이션,판타지,어드벤처"
지오디 마스터피스 더 무비,씨제이 씨지브이(CJ CGV)(주),2024-01-10,한국,손석,"박준형,윤계상,데니 안/ 안신원,손호영,김태우",75.0,41021.0,공연
너와 나,"주식회사 필름영,그린나래미디어(주)",2023-10-25,한국,조현철,"박혜수,김시은",76.0,39179.0,드라마
밥 말리: 원 러브,롯데컬처웍스(주)롯데엔터테인먼트,2024-03-13,미국,레이날도 마커스 그린,"킹슬리 벤-어디어,라샤냐 린치,제임스 노턴",579.0,39069.0,드라마
오토라는 남자,소니픽쳐스엔터테인먼트코리아주식회사극장배급지점,2023-03-29,미국,마크 포스터,톰 행크스,371.0,38785.0,드라마
틴에이지 크라켄 루비,유니버설픽쳐스인터내셔널 코리아(유),2023-07-25,미국,커크 드 미코,,203.0,38547.0,애니메이션
씬,롯데컬처웍스(주)롯데엔터테인먼트,2024-04-03,한국,한동석,"김윤혜,송이재,박지훈,이상아",409.0,38433.0,공포(호러)
TAR 타르,유니버설픽쳐스인터내셔널 코리아(유),2023-02-22,미국,토드 필드,"케이트 블란쳇,노에미 멜랑,니나 호스",197.0,38090.0,드라마
뿌까의 짜장면파티,(주)에픽캔,2022-07-04,한국,박상용,"유진주,임종웅,이은정,박중언,김기영,임재홍,신지윤,김민아,이지현,김은미,엄상현",34.0,37851.0,기타
플레인,(주)누리픽쳐스,2023-03-15,미국,장-프랑소와 리셰,"제라드 버틀러,마이크 콜터",358.0,37691.0,"액션,스릴러"
덤 머니,"그린나래미디어(주),(주)플레이그램",2024-01-17,미국,크레이그 질레스피,"폴 다노,세스 로건,아메리카 페레라,쉐일린 우들리",465.0,37262.0,"코미디,드라마"
롱디,(주)넥스트엔터테인먼트월드(NEW),2023-05-10,한국,임재완,"장동윤,박유나,고건한,전혜연,권동호,이서윤,조영길,방상현,강문봉,조대우,송영하,유아영,이승재,최진영,이승창,정진근,장의수,이시우",262.0,36777.0,"멜로/로맨스,코미디"
골드핑거,메가박스중앙(주),2024-04-10,홍콩,장문강,"양조위,유덕화,임달화",423.0,35359.0,"범죄,액션"
뒤틀린 집,(주)스튜디오디에이치엘,2022-07-13,한국,강동헌,"서영희,김민재,김보민,조수향,박혁권,오자훈,노하연,경다은,김나은,강길우,박옥출,이도아,정구현,윤상,장지원,이유정,김애라",156.0,34886.0,"공포(호러),드라마,스릴러"
극장판 우당탕탕 은하안전단: 진정한 용기!,(주)넥스트엔터테인먼트월드(NEW),2023-11-30,한국,정지훈,"김은아,엄상현,이지현,이민규,전태열,정영웅,신용우,남도형,한만중,홍소영",261.0,34001.0,애니메이션
스페이스 키드: 우주에서 살아남기,"그린나래미디어(주),(주)인터파크",2022-12-07,프랑스,에릭 토스티,,290.0,33966.0,"애니메이션,어드벤처"
똑똑똑,유니버설픽쳐스인터내셔널 코리아(유),2023-03-08,미국,M. 나이트 샤말란,"데이브 바티스타,조나단 그로프,루퍼트 그린트",472.0,33771.0,"미스터리,스릴러"
아버지의 마음,"(주)드림팩트엔터테인먼트,파이오니아21",2023-07-20,한국,김상철,신애라,85.0,33711.0,다큐멘터리
몬스터 하우스2: 인비져블 피닉스,(주)박수엔터테인먼트,2023-02-02,러시아,데니스 체르노프,석승훈,357.0,33671.0,"애니메이션,판타지,어드벤처"
슈가│어거스트 디 투어 ‘디-데이’ 더 무비,CGV ICECON,2024-04-10,한국,박준수,민윤기,88.0,33604.0,공연
메이 디셈버,판씨네마(주),2024-03-13,미국,토드 헤인즈,"나탈리 포트만,줄리안 무어,찰스 멜튼",400.0,33530.0,드라마
스파이더맨: 노 웨이 홈 '펀버전',소니픽쳐스엔터테인먼트코리아주식회사극장배급지점,2022-10-05,미국,존 왓츠,"톰 홀랜드,젠데이아 콜먼,베네딕트 컴버배치,제이콥 배덜런,존 파브로,마리사 토메이",347.0,33457.0,"액션,어드벤처,SF"
몬스터 신부: 101번째 프로포즈,와이드 릴리즈(주),2022-12-28,"헝가리,러시아",,"황창영,박시윤,최정현",226.0,33428.0,"애니메이션,코미디,판타지,어드벤처"
극장판 파워 디지몬 더 비기닝,에스엠지홀딩스 주식회사,2023-11-29,일본,타구치 토모히사,"카타야마 후쿠쥬로,오가타 메구미,에노키 준야",197.0,33280.0,애니메이션
썸머 필름을 타고!,"(주)싸이더스,(주)블루라벨픽쳐스",2022-07-20,일본,마츠모토 소우시,"이토 마리카,카네코 다이치,카와이 유미,이노리 키라라",65.0,33011.0,기타
엔드 오브 에반게리온,(주)라이크콘텐츠,2024-01-17,일본,"안노 히데아키,츠루마키 카즈야",,130.0,32578.0,애니메이션
네가 떨어뜨린 푸른 하늘,"메가박스중앙(주),(주)이놀미디어,(주)바이포엠스튜디오",2023-02-08,일본,사이토 유키,"후쿠모토 리코,이타가키 미즈키",449.0,32116.0,"멜로/로맨스,SF"
더 메뉴,월트디즈니컴퍼니코리아 유한책임회사,2022-12-07,미국,마크 미로드,"랄프 파인즈,안야 테일러 조이,니콜라스 홀트,자넷 맥티어,주디스 라이트,존 레귀자모",177.0,32109.0,스릴러
바튼 아카데미,유니버설픽쳐스인터내셔널 코리아(유),2024-02-21,미국,알렉산더 페인,폴 지아마티,254.0,31366.0,"코미디,드라마"
극장판 아이돌리쉬 세븐; 라이브 4비트 비욘드 더 피리어드 - 데이 1,메가박스중앙(주),2023-10-19,일본,니시키오리 히로시,"오노 켄쇼,하타노 와타루,호시 소이치로",79.0,30491.0,애니메이션
메리 마이 데드 바디,"주식회사 원더스튜디오,(주)리안컨텐츠",2023-05-17,대만,청웨이하오,"허광한,임백굉,왕정,탁종화,채진남",103.0,30333.0,"코미디,액션"
어른 김장하,(주)시네마달,2023-11-15,한국,김현지,김장하,98.0,29918.0,다큐멘터리
그레이 맨,씨제이 씨지브이(CJ CGV)(주),2022-07-13,미국,"안소니 루소,조 루소","라이언 고슬링,크리스 에반스,아나 디 아르마스,레게-장 페이지",220.0,29844.0,"액션,스릴러"
신 에반게리온 극장판,(주)라이크콘텐츠,2022-10-05,일본,안노 히데아키,,93.0,29705.0,애니메이션
극장판 윌벤져스 : 수상한 캠핑 대소동,(주)대교 미디어콘텐츠사업본부,2022-06-23,한국,"신창환,류정우","샘 해밍턴,김서영,강시현,최한,김가령,이미자,송준석,최석필,이현,최길용,이보용,이슬비,이상준",110.0,29432.0,애니메이션
양자경의 더 모든 날 모든 순간,워터홀컴퍼니(주),2022-11-23,미국,"다니엘 콴,다니엘 쉐이너트","양자경,스테파니 수,키 호이 콴,제이미 리 커티스",63.0,29362.0,"액션,코미디"
사랑은 낙엽을 타고,찬란,2023-12-20,핀란드,아키 카우리스마키,,40.0,28085.0,멜로/로맨스
여귀교- 저주를 부르는 게임,"메가박스중앙(주),(주)스튜디오 산타클로스엔터테인먼트,(주)블레이드이엔티",2023-11-15,대만,해악륭,시백우,401.0,27703.0,공포(호러)
괴담만찬,"TCO(주)더콘텐츠온,(주)블루라벨픽쳐스,(주)대교 미디어콘텐츠사업본부",2023-10-18,한국,"안상훈,윤은경,김용균,임대웅,채여준","장승연,신은수,김호정,김태훈,조재윤,윤현민,장광,손지나,이주영,김주령",162.0,27389.0,공포(호러)
이니셰린의 밴시,월트디즈니컴퍼니코리아 유한책임회사,2023-03-15,미국,마틴 맥도나,"콜린 파렐,브렌단 글리슨,케리 콘든,배리 케오간",135.0,27260.0,"드라마,코미디"
파이어하트,"(주)누리픽쳐스,(주)블루라벨픽쳐스,TCO(주)더콘텐츠온",2023-06-28,프랑스,"시어도어 타이,로랑 제툰","엘리스 폴,뱅상 카셀",187.0,27210.0,"애니메이션,어드벤처,코미디,가족"
쥬라기캅스 극장판: 공룡시대 대모험,플러스엠 엔터테인먼트,2022-09-07,한국,김호락,"소연,엄상현,김현욱,강은애,홍범기,황창영,이현,박리나,이인성,김영선",453.0,26805.0,애니메이션
리빙: 어떤 인생,(주)티캐스트,2023-12-13,영국,올리버 허머너스,"빌 나이,에이미 루 우드,알렉스 샤프,톰 버크",50.0,26734.0,드라마
기적의 시작,퓨어웨이픽쳐스,2024-02-22,한국,권순도,임동진,137.0,26706.0,다큐멘터리
마이 샤이니 월드,메가박스중앙(주),2023-11-03,한국,이후빈,샤이니,118.0,26481.0,"공연,다큐멘터리"
사채소년,영화사빅,2023-11-22,한국,황동석,"유선호,강미나,유인수,이일준,이찬형,신수현,서혜원,윤병희,김기두,김종호,최윤빈,류제승,류경현,신정윤,지웅배,이상연,김태성,천동빈,박준영,정태수,오승희,유수정,박창훈,박현세,심소영,문수영,김동희,양동선,황재필,민채연,연오,유미호,김도담,권민서,정혜진,조영지,오협,이원욱,이주미,정현구,고성,김빈,이시형,차성만,김진서,서홍민,양성준",211.0,26149.0,"액션,드라마"
나의 올드 오크,(주)영화사 진진,2024-01-17,아일랜드,켄 로치,"데이브 터너,에블라 마리",83.0,25741.0,드라마
돌핀보이,와이드 릴리즈(주),2023-01-25,독일,,박시윤,177.0,25666.0,"애니메이션,가족,어드벤처"
엔시티 네이션 : 투 더 월드 인 시네마,씨제이포디플렉스 주식회사,2023-12-06,한국,오윤동,,87.0,25140.0,"공연,다큐멘터리"
라이스보이 슬립스,판씨네마(주),2023-04-19,캐나다,앤소니 심,"최승윤,이든 황,도현 노엘 황,앤소니 심,강인성",250.0,24864.0,"가족,드라마"
3000년의 기다림,(주)디스테이션,2023-01-04,호주,조지 밀러,"틸다 스윈튼,이드리스 엘바",176.0,24731.0,"멜로/로맨스,판타지,드라마"
플로라 앤 썬,씨제이 씨지브이(CJ CGV)(주),2023-09-22,미국,존 카니,"이브 휴슨,잭 레이너,조셉 고든 레빗",120.0,24613.0,드라마
극장판 검정고무신 : 즐거운 나의 집,"(주)대교 미디어콘텐츠사업본부,(주)블루라벨픽쳐스",2022-10-06,한국,"송정율,송요한","박지윤,오인실,유해무,손정아,박영재,오수경,배정미,최정호,선은혜,서지연,석승훈,홍진욱",232.0,24519.0,애니메이션
큐어,M&M 인터내셔널,2022-07-06,일본,구로사와 기요시,"나카가와 안나,하기와라 마사토,야쿠쇼 코지",55.0,25573.0,공포(호러)
고속도로 가족,씨제이 씨지브이(CJ CGV)(주),2022-11-02,한국,이상문,"라미란,정일우,김슬기,백현진,서이수,박다온,이태경,손용범,이예준,손예원,최우영,박은영,이재우,장준학,권혁성,김범진,안민영,윤종구,허준석,김준희,류경환,정수교,최형주,김기림,이유리,이태건,김남호,옥수분,석호진,이헌일,차용환,김장호,이샘,허부영,장석문,최서니,이승용,안희주,이경호,천영암,문광식,정진혁,김규진,송승은,정진혁,김규진,서인영,김규진,박경도,이성민,황정민,이용녀,우지현",222.0,24502.0,드라마
천룡팔부: 교봉전,(주)팝엔터테인먼트,2023-01-25,홍콩,견자단,"견자단,진옥기",300.0,24394.0,액션
크리스마스 캐럴,(주)디스테이션,2022-12-07,한국,김성수,"진영,김영민,김동휘,송건희,허동원,황인성,서진원,김정진,김병구,윤준호,윤유선,정해균,하회정,손병욱,김종호,하헌진,이슬기,양상운,홍승현,이하민,박태현,이형동,김려은,김대훈,배혜성,양시현,안효준,김성진,전상원,나호숙,진대연,김혜정,조윤상,장현동,구민혁,추은경,김기영",410.0,24235.0,"드라마,액션"
프로메어,(주)영화사 그램,2022-10-20,일본,이마이시 히로유키,"마츠야마 켄이치,사카이 마사토",63.0,23996.0,애니메이션
유포자들,와이드 릴리즈(주),2022-11-23,한국,홍석구,"박성훈,김소은,송진우,박주희,임나영,지민혁,이현소,김보영,김수정,정수지,박광재,이동용,임가영,이자령,김선기,황자능,임한나,이동준,이희헌,나호원,차유주,장근철,주혁,유승신,이재학,현석준,김미지,김태진,진영준,손지영",123.0,23721.0,"범죄,드라마,스릴러"
카시오페아,(주)트리플픽쳐스,2022-06-01,한국,신연식,"안성기,서현진,주예림,김다흰,홍성춘,구시연,공진서,최홍일,박채익,신윤주,박재민,이승훈,이은주,신지소,성홍일,조주경,최주원,이호정,시은미,신윤지,서영우,박근수,남기쁨,전누림,박지은,이영란,정아미,박명신,허연정,성수연,김정팔",175.0,24962.0,드라마
슈퍼 키드 헤일리,(주)팝엔터테인먼트,2023-07-20,노르웨이,라스무스 A. 실버르센,신은수,176.0,23029.0,애니메이션
미녀와 야수: 마법에 걸린 왕자,"(주)인터파크,예지림엔터테인먼트,(주)띵크",2023-02-22,러시아,,"박시윤,김용",217.0,22445.0,"애니메이션,판타지,어드벤처"
무명,(주)콘텐츠판다,2023-04-26,중국,청어,"양조위,왕이보,주신,장정의",201.0,22443.0,"스릴러,액션"
귀멸의 칼날: 아사쿠사 편,(주)박수엔터테인먼트,2022-08-25,일본,소토자키 하루오,,124.0,22388.0,애니메이션
빈틈없는 사이,"(주)갤리온엔터테인먼트,영화로운 형제",2023-07-05,한국,이우철,"이지훈,한승연",291.0,22198.0,멜로/로맨스
스트리머,"TCO(주)더콘텐츠온,(주)블루라벨픽쳐스",2023-05-10,한국,장형모,"이푸름,김모범,권민혁,김준형,심소영,이승희,김시운",181.0,22111.0,"공포(호러),미스터리"
DMZ 동물 특공대,(주)박수엔터테인먼트,2024-02-14,한국,홍인표,"김새해,조경이,황창영,이소은,박준형",201.0,22070.0,애니메이션
카구야 님은 고백받고 싶어 -첫 키스는 끝나지 않아-,(주)디스테이션,2023-04-06,일본,하타케야마 마모루,,107.0,21564.0,애니메이션
모나리자와 블러드 문,판씨네마(주),2023-03-22,미국,애나 릴리 아미푸르,"전종서,케이트 허드슨,에드 스크레인,에반 휘튼,크레이그 로빈슨",369.0,21515.0,"판타지,미스터리,스릴러"
극장판 소드 아트 온라인 -프로그레시브- 짙은 어둠의 스케르초,(주)애니플러스,2022-11-10,일본,카와노 아야코,"토마츠 하루카,마츠오카 요시츠구",89.0,21324.0,"애니메이션,액션,판타지"
치치핑핑의 쿵쿵따 탐험대,(주)에픽캔,2023-04-10,한국,이광범,,28.0,21231.0,공연
드림쏭2,주식회사 원더스튜디오,2023-10-03,미국,마크 밸도,,389.0,21228.0,애니메이션
극장판 실바니안 패밀리: 프레야의 선물,(주)라이크콘텐츠,2024-05-01,일본,코나카 카즈야,,197.0,21219.0,"애니메이션,가족"
치악산,와이드 릴리즈(주),2023-09-13,한국,김선웅,"윤균상,김예원,연제욱,이태환,배그린,변진수,원미원,강현중,김양배,정보람,배유람,임준하,최기상,오현서,방상환",220.0,21028.0,"공포(호러),미스터리"
빌리와 용감한 녀석들: 황금 달걀 구조대,(주)박수엔터테인먼트,2023-10-26,멕시코,"가브리엘 리바 팔라시오 알라트리스테,로돌포 리바 팔라시오 알라트리스테",,306.0,20973.0,애니메이션
스노우 퍼핀즈,(주)팝엔터테인먼트,2024-02-15,스페인,,"조니 뎁,김대중",315.0,20768.0,애니메이션
프린세스 아야,씨제이 씨지브이(CJ CGV)(주),2022-09-21,한국,이성강,"백아연,박진영",348.0,20761.0,"판타지,뮤지컬"
닥터 스트레인지: 대혼돈의 멀티버스,월트디즈니컴퍼니코리아 유한책임회사,2022-05-04,미국,샘 레이미,"베네딕트 컴버배치,엘리자베스 올슨,베네딕트 웡,레이첼 맥아담스,치웨텔 에지오포,소치틀 고메즈",2691.0,5617130.0,"액션,어드벤처,판타지"
범죄도시2,"주식회사 에이비오엔터테인먼트,플러스엠 엔터테인먼트",2022-05-18,한국,이상용,"마동석,손석구,최귀화,박지환,허동원,하준,정재광,남문철,박지영,이주원,음문석,김찬형,이규원,전진오,이다일,김영성,차우진,박광재,백승익,최재훈,우강민,강덕중,송요셉,서문호,한우열,권혁범,박은우,이도은,김이현,허승,이태규,최광희,권태호,권지훈,전재형,신재환,김원경,천준호,이원행,정수원,김희,이해원,정수일,김태욱,최형우,이시형,김서원,손승범,손상경,박주환,한상경,정우람,정명군,김운영,안재만,이관민,김승환,김무성,김병민,최형락,전국진,김동주,김영준,한상철,이명자,신재용,정동룡,오명진,김상욱,정수용,이광기,이재혁,김대근,선율우,김승현,전정일,백요섭,전찬원,황정윤,이창훈,곽장륜,조용환,김민규,정인기,윤병희,이병희",2498.0,5118273.0,"범죄,액션"
해적: 도깨비 깃발,롯데컬처웍스(주)롯데엔터테인먼트,2022-01-26,한국,김정훈,"조정우,김은준,강하늘,한효주,이광수,권상우,채수빈,오세훈,김성오,박지환,윤상돈,임세찬",1708.0,1339242.0,"어드벤처,액션,코미디"
신비한 동물들과 덤블도어의 비밀,워너브러더스 코리아(주),2022-04-13,미국,데이빗 예이츠,"에디 레드메인,주드 로,매즈 미켈슨,캐서린 워터스턴,댄 포글러,앨리슨 수돌,에즈라 밀러,칼럼 터너,리차드 코일,올리버 마수치",2207.0,1192824.0,"어드벤처,가족,판타지"
더 배트맨,워너브러더스 코리아(주),2022-03-01,미국,맷 리브스,"로버트 패틴슨,폴 다노,조 크라비츠,앤디 서키스,제프리 라이트,콜린 파렐,피터 사스가드,존 터투로",2370.0,904156.0,"액션,범죄,드라마"
씽2게더,유니버설픽쳐스인터내셔널 코리아(유),2022-01-05,미국,가스 제닝스,"매튜 매커너히,리즈 위더스푼,스칼렛 요한슨,태런 에저튼,토리 켈리,할시,퍼렐 윌리엄스,보노",1251.0,884072.0,애니메이션
킹메이커,플러스엠 엔터테인먼트,2022-01-26,한국,변성현,"설경구,이선균,유재명,조우진,박인환,이해영,김성오,전배수,서은수,김종수,윤경호,김새벽,정재성,배종옥,진선규,이재원,김지훈,김주령,장인섭,윤세웅,서상원,허동원,김재화,최광제,윤사봉,이동용,최선규,홍현종,이지호,남승화,정수지,백익남,정우혁,곽동현,문정대,오봄길,송요셉,천재홍,성일,손경원,박세준,안동구,고동업,이동희,박찬규,이상택,김귀선,전현숙,김병철,조현숙,김두은,장예진,양진억,이화룡,마정필,김규인,류연수,곽자형,강홍렬,김동현,이서환,김진모,류대식,구민혁,유승일,전필재,나현민,박재현,선우,김미진,고재경,윤소담,김도영,석승훈,이규창,김경일,김병철,김용,박준형,이진호,장다은,장지연,정해은,전성원,허성재,임승민",1185.0,783182.0,드라마
언차티드,소니픽쳐스엔터테인먼트코리아주식회사극장배급지점,2022-02-16,미국,루벤 플레셔,"톰 홀랜드,마크 월버그,안토니오 반데라스,소피아 알리,타티 가브리엘",1536.0,730924.0,"액션,어드벤처"
경관의 피,(주)에이스메이커무비웍스,2022-01-05,한국,이규만,"이창윤,조진웅,최우식,박희순,권율,박명훈,홍기준,이얼,이현욱,백현진,박정범,원현준,손인용,연제욱,차엽,이도군,윤진영,김그림,임철형,곽민석,남문철,이성우,김준범,김재영,한갑수,이운산,정의욱,박기덕,서영화,박상훈,장서경,이준기,김한나,이동욱,박재철,한창현,허형규,정민성,김태겸,신철용,정종우,천재홍,조정환,백서빈,장래군,이택근,임영우,문정웅,김선웅,진시원,조한결,서호철,박응수,우수빈,강후재,이태구,정수일,정수용,박영빈,김태준,엄지만,김주아,이서안,박미애,이민영,김선문,이원희,이다령,이장규,이재은,임현욱,노성후,박희진,변동준,김곤,오진호,김유엽,송여진,이진영,김상욱,장의돈,오규택,장서이,임정옥,한동균,이왕수,최현종,황영수,이한승,정광필,신승빈,진지민,박응수,노은하,정성모,오진호",1187.0,684681.0,"범죄,드라마"
극장판 주술회전 0,(주)대교 미디어콘텐츠사업본부,2022-02-17,일본,박성후,"오가타 메구미,하나자와 카나,코마츠 미카코,우치야마 코우키,세키 토모카즈,나카무라 유이치,사쿠라이 타카히로",843.0,636470.0,애니메이션
이상한 나라의 수학자,(주)쇼박스,2022-03-09,한국,박동훈,"최민식,김동휘,박해준,박병은,조윤서,주진모,김원해,탕준상,김희정,강말금,김소숙,최재섭,주예린,이주한,정승길,류지훈,이한종,최재훈,김동현,이상현,신재휘,강준규,김태훈,이용빈,유혜림,김승태,황재순,차보미,최연우,고경민,김은석,차영주,이은형,김현선,정소용,이정섭,이지,조진결,김난희,김철호,김하람,신미영",1357.0,533315.0,드라마
모비우스,소니픽쳐스엔터테인먼트코리아주식회사극장배급지점,2022-03-30,미국,다니엘 에스피노사,"자레드 레토,맷 스미스,아드리아 아르호나,자레드 해리스,타이레스 깁슨",1696.0,474560.0,"액션,어드벤처,드라마"
특송,(주)넥스트엔터테인먼트월드(NEW),2022-01-12,한국,박대민,"박소담,송새벽,김의성,정현준,연우진,염혜란,한현민,허동원,오륭,조희봉,백도겸,권혁범,김예은,윤대열,박신운,유지수,강준규,박인수,양희명,박대원,신수오,김한수,차시원,김현민,정승현,유수정,김그림,한규원,안재현,이가경,강민지,신영훈,황원규,김수로,문성복,김기정,오세환,원진호,고영수,전석호,최덕문,유승호,박혜영",996.0,444438.0,"범죄,액션"
니 부모 얼굴이 보고 싶다,(주)마인드마크,2022-04-27,한국,김지훈,"설경구,오달수,천우희,문소리,고창석,김홍파,강신일,남기애,이미은,이지은,성유빈,유재상,정유안,정택현,박진우,노정의,전국향,박명신,정승길,손산,이승훈,윤경호,윤돈선,노진영,정도원,허인영,최희진,김재건,이나라,성열석,송광원,안승미,홍산,권귀빈,정병호,심훈기,김영,최정환,고용화,정미혜,이두열,한서윤,김건우,권수진,주동희,배유리,김세정,이상호,조전범,김정일,김윤식,안문주,이지훈,이주한,이다솔,이현일,이연우,백명재,임원선,박광진,홍은진,김영원,추국현,도윤섭,한기현,최선자,이봉규,김성오",1008.0,403701.0,드라마
뜨거운 피,"(주)스튜디오디에이치엘,(주)키다리스튜디오",2022-03-23,한국,천명관,"정우,김갑수,최무성,지승현,김해곤,윤지혜,이홍내,정호빈,김종구,이영석,차순배,허동원,이호철,이성우,배명진,정기섭,김강일,성낙경,현봉식,유순웅,최홍일,백수희,허지원,양희명,정영록,윤대열,윤탁,최광제,양지수,서정우,신미영,김우진,박지홍,김승현,김주희,김진혁,유현,최범호,서광재,이해성,전병덕,박상규,김흥태,이신영,이선주,박지원,김태현,천영암,이병수,유인혜,주재윤,남윤주,이익수,오지영,임유란,김리원,한희경,이은주,김탁,허성우,이경훈,김보경,조셉,박진수,김준섭,고남호,박영준,양영일,김지한,강은지,김시혜,서유림,임소현,안지훈,김병남,박세정,송태완,왕나경,황정윤,김영건,이다혜,이일현,정규연,고진우,김혜지,김정준,장현아,김다슬,최필규,김범준,김태균,서준영,진혁,왕경빈,서영수,장명진,한대훈,황진호,박원우,윤제문,정영주,김단비,김현",1279.0,390925.0,"범죄,드라마"
배드 가이즈,유니버설픽쳐스인터내셔널 코리아(유),2022-05-04,미국,피에르 페리펠,"샘 록웰,크레이그 로빈슨,안소니 라모스,아콰피나,재지 비츠",844.0,380513.0,"애니메이션,범죄,액션"
수퍼 소닉2,롯데컬처웍스(주)롯데엔터테인먼트,2022-04-06,미국,제프 파울러,"제임스 마스던,짐 캐리,벤 슈왈츠,이드리스 엘바,티카 섬터",1129.0,308768.0,"애니메이션,액션,어드벤처,코미디,가족,판타지,SF"
나일 강의 죽음,월트디즈니컴퍼니코리아 유한책임회사,2022-02-09,미국,케네스 브래너,"케네스 브래너,갤 가돗,아미 해머,에마 매키",1041.0,232883.0,"범죄,드라마,미스터리"
문폴,(주)누리픽쳐스,2022-03-16,미국,롤랜드 에머리히,"할리 베리,패트릭 윌슨,존 브래들리,마이클 페나,도날드 서덜랜드",1174.0,195344.0,"액션,드라마,스릴러,SF,어드벤처"
앵커,(주)에이스메이커무비웍스,2022-04-20,한국,정지연,"천우희,이혜영,신하균,차래형,박지현,남문철,임성재,김영필,이해운,정순원,박세현,서이수,김영아,박새힘,서지승,성찬호,정찬훈,마정필,김경민,김성준,김대흥,전세용,목규리,차준명,김세희,양은솔,유수정,이채린,한사명,신희철,강성락,이민하,김정환,신현규,김주연,문성현,김지아,도예림,송화현,오수민,김유현,이지,이미래,박장면,장우영,박정원,장유화,문혜인,양말복,김철윤,박세훈,안세원,박경찬,안민영,김태원,배단희,김지유,이윤재,홍나실,이동원,장준현,김수현,남지현,이대겸,박시현,김형석,한상조",1032.0,166812.0,스릴러
공기살인,"TCO(주)더콘텐츠온,씨제이 씨지브이(CJ CGV)(주)",2022-04-22,한국,조용선,"서윤,김상경,이선빈,윤경호,서영희,장혁진,김정태,송영규,이지훈,이유준,정호빈,장광,성병숙,정의갑,김영웅,조서후,차정환,김하언,황만익,장해송,이정민,조수하,심완준,홍도성,이용준,이필라,이재환,이지현,우가은,정시율,박노아,남명렬,김동용,신삼봉,유지수,유병선,김현지,조유진,이미라,이가경,김형준,이효제,김민광,이지인,배유리,이상구,임정운,김경식,이시우,김서원,이대한,최성아,진선미,강태우,윤정열,노정현,곽민석",756.0,156299.0,드라마
극장판 엉덩이 탐정: 수플레 섬의 비밀,(주)넥스트엔터테인먼트월드(NEW),2022-05-05,일본,자코 아키후미,,770.0,148639.0,애니메이션
하우스 오브 구찌,유니버설픽쳐스인터내셔널 코리아(유),2022-01-12,미국,리들리 스콧,"레이디 가가,아담 드라이버,자레드 레토,제레미 아이언스,알 파치노,셀마 헤이엑",734.0,143605.0,"범죄,드라마,스릴러"
웨스트 사이드 스토리,월트디즈니컴퍼니코리아 유한책임회사,2022-01-12,미국,스티븐 스필버그,"안셀 엘고트,레이첼 지글러,아리아나 데보스,데이비드 알바즈,마이크 파이스트",754.0,123143.0,"드라마,뮤지컬"
극장판 안녕 자두야: 제주도의 비밀,(주)씨제이이엔엠,2022-01-27,한국,손석우,"여민정,정혜옥,김영은,양정화,정유미,정혜원,김새해,강성우,김현지,양정화,최준영,김영은,정혜옥,김새해,김다올,김현지,정유정,김영은,최준영,김다올,김새해,강성우,김다올,정유정,정유미,김현지,김다올,강성우",618.0,121169.0,애니메이션
앰뷸런스,유니버설픽쳐스인터내셔널 코리아(유),2022-04-06,미국,마이클 베이,"제이크 질렌할,야히아 압둘 마틴 2세,에이사 곤잘레스",1033.0,114739.0,"액션,범죄"
서울괴담,플러스엠 엔터테인먼트,2022-04-27,한국,홍원기,"김도윤,봉재현,서지수,김현정,셔누,최예원,알렉산드라 크리스틴 슈나이더만,추소정,오륭,이민혁,이수민,이열음,이영진,이호원,정원창,주학년",474.0,112470.0,공포(호러)
로스트 시티,롯데컬처웍스(주)롯데엔터테인먼트,2022-04-20,미국,,"산드라 블록,채닝 테이텀,다니엘 래드클리프,브래드 피트",835.0,106105.0,"액션,코미디,멜로/로맨스,어드벤처"
안테벨룸,(주)올스타엔터테인먼트,2022-02-23,미국,"제라드 부시,크리스토퍼 렌즈","자넬 모네,잭 휴스턴,지나 말론",638.0,95983.0,"미스터리,스릴러"
스텔라,씨제이 씨지브이(CJ CGV)(주),2022-04-06,한국,권수경,"손호준,이규형,허성태,전노민,이중옥,고규필,김슬기,박세영,신신애,박영규,이연수,김견우,배제기,문수아,주석제,노정현,서동원,장정연,이주원,이효제,최서연,곽지혜,이효비,정시율,박정환,정수한,김영희,김도연,서문호,박상원,서은지,유병선,김건,손민준,천석현,이성우,이도군,김득겸,박재한,박진우,김현우,오채은,문수영,윤태인,나승현,양대성,유영복,신치영,오정환,박경현,김연정,김은경,김지은,이가영,홍근택,강민구,이한종,유용국,임종화,윤현길,최홍락,장현진,이한결,김희수,정영록,이민호,박종범,백옥균,허유리,박정인,임형준,성병숙,윤제문,최병모,이수형,이승호",690.0,94213.0,"코미디,드라마"
스펜서,"(주)영화특별시에스엠씨,그린나래미디어(주)",2022-03-16,영국,파블로 라라인,"크리스틴 스튜어트,샐리 호킨스,티모시 스폴,숀 해리스,잭 파딩,잭 닐렌,프레디 스프라이,스텔라 고넷",730.0,82989.0,드라마
인민을 위해 복무하라,(주)제이앤씨미디어그룹,2022-02-23,한국,장철수,"연우진,지안,조성하,정규수,김병만,장해민,장광,유순철,백수련,오용,리민,한일규,김용호,박성도,김요한,권성일,박우준,최승원,김상겸,조현섭,박진성,김준호,김효석,이상윤,칸,강민혁,김석,김세인,박이건,양우리,오희성,이재호,정태혁,최승두,윤현수,이로운,백승현,박성호",598.0,79105.0,"멜로/로맨스,드라마"
그대가 조국,(주)엣나인필름,2022-05-25,한국,이승준,조국,496.0,72082.0,다큐멘터리
355,"(주)스튜디오 산타클로스엔터테인먼트,(주)제이앤씨미디어그룹",2022-02-09,미국,사이먼 킨버그,"제시카 차스테인,다이앤 크루거,페넬로페 크루즈,루피타 뇽오,판빙빙",540.0,49098.0,액션
나의 히어로 아카데미아 더 무비: 월드 히어로즈 미션,(주)스마일이엔티,2022-03-09,일본,나가사키 켄지,,459.0,48436.0,애니메이션
세븐틴 파워 오브 러브 : 더 무비,"씨제이포디플렉스 주식회사,CGV ICECON",2022-04-20,한국,오윤동,"에스쿱스,정한,조슈아,준,호시,원우,우지,디에잇,민규,도겸,승관,버논,디노",151.0,48383.0,"공연,다큐멘터리"
루이스 웨인: 사랑을 그린 고양이 화가,(주)씨제이이엔엠,2022-04-06,미국,,"베네딕트 컴버배치,클레어 포이,올리비아 콜맨,토비 존스,안드레아 라이즈보로,스테이시 마틴,타이카 와이티티",530.0,43231.0,"드라마,멜로/로맨스"
나의 촛불,트윈플러스파트너스(주),2022-02-10,한국,"김의성,주진우","박영수,손석희,심상정,유시민,윤석열,추미애,고영태",294.0,42123.0,다큐멘터리
나이트메어 앨리,월트디즈니컴퍼니코리아 유한책임회사,2022-02-23,미국,기예르모 델 토로,"브래들리 쿠퍼,케이트 블란쳇,토니 콜렛,윌렘 데포,리차드 젠킨스,루니 마라,론 펄먼,메리 스틴버겐,데이빗 스트라탄",461.0,40679.0,"범죄,드라마,스릴러"
어나더 라운드,(주)엣나인필름,2022-01-19,기타,토마스 빈터베르그,"매즈 미켈슨,토마스 보 라센",175.0,36204.0,"코미디,드라마"
배니싱: 미제사건,"(주)스튜디오 산타클로스엔터테인먼트,(주)제이앤씨미디어그룹",2022-03-30,프랑스,드니 데르쿠르,"유연석,올가 쿠릴렌코,예지원,최무성,이승준,성지루,박소이",561.0,35144.0,"범죄,스릴러"
민스미트 작전,"(주)스튜디오 산타클로스엔터테인먼트,(주)제이앤씨미디어그룹",2022-05-11,미국,존 매든,"콜린 퍼스,매튜 맥퍼딘,켈리 맥도날드",459.0,33946.0,"드라마,전쟁"
봄날,(주)콘텐츠판다,2022-04-27,한국,이돈구,"손현주,박혁권,손숙,정석용,박소진,정지환,이지훈,허정도,김기정,서광재,이병길,정애화,김성대,박성남,이정수,김종호,김한나,류효정,김성준,오수민,박상아,우상기,이수광,현오봉,최윤빈,남기쁨,최정태,박성인,김만호,김동욱,이상묵,이동규,정창원,안성민,유동훈,이우룡,정연신,신준호,류경현,김정원,이진호,고훈목,백승우,이은석,김영노,고기혁,홍은정,김희성,현봉식,조경현",455.0,31602.0,"드라마,액션"
클리포드 더 빅 레드 독,롯데컬처웍스(주)롯데엔터테인먼트,2022-01-12,미국,월트 벡커,"시에나 길로리,존 클리즈,안소명,신용우,여민정,임채헌,오인성,김지성",356.0,30318.0,"어드벤처,드라마,가족"
극장판 바다 탐험대 옥토넛 : 해저동굴 대탈출,와이드 릴리즈(주),2022-02-17,영국,,"하성용,정재헌,엄상현,윤승희,김율,유동균,김정은,한경화,장미",236.0,28703.0,"애니메이션,액션,어드벤처"
블랙라이트,(주)퍼스트런,2022-03-09,미국,마크 윌리엄스,리암 니슨,521.0,25401.0,"액션,스릴러"
시라노,유니버설픽쳐스인터내셔널 코리아(유),2022-02-23,미국,조 라이트,"피터 딘클리지,헤일리 베넷,켈빈 해리슨 주니어",195.0,24751.0,"멜로/로맨스,뮤지컬,드라마"
레지던트 이블: 라쿤시티,소니픽쳐스엔터테인먼트코리아주식회사극장배급지점,2022-01-19,미국,요하네스 로버츠,"카야 스코델라리오,해나 존-케이먼,로비 아멜,도날 로그,닐 맥도노프",276.0,24722.0,"액션,공포(호러)"
만년이 지나도 변하지 않는 게 있어,"그린나래미디어(주),(주)영화사벌집",2022-02-09,대만,구파도,"가진동,송운화,왕정",297.0,24441.0,"멜로/로맨스,액션,공포(호러),코미디,판타지"
리코리쉬 피자,유니버설픽쳐스인터내셔널 코리아(유),2022-02-16,미국,폴 토마스 앤더슨,"알라나 하임,쿠퍼 호프만,숀 펜,톰 웨이츠,브래들리 쿠퍼,베니 사프디",222.0,21188.0,"멜로/로맨스,드라마"
어부바,(주)트리플픽쳐스,2022-05-11,한국,최종학,"정준호,최대철,이엘빈,박정숙,김수경,현우섭,곽민석,이이만,권혁진,어석환,강서린,방준혁,최우록,주소정,이류경,유준혁,김하린,나대한,김정섭,김재용,윤다정,한하랑,신지환,류인영,오예림,박근영,김시은,전소전,이예린,강경숙,장은정,황인준,이정주,김현영,손대원,이재철,정영록,양진철,장하근,정근영,조유진,최문수",327.0,20964.0,가족
우연과 상상,"그린나래미디어(주),(주)영화사 안다미로",2022-05-04,일본,하마구치 류스케,"현리,나카지마 아유무,시부카와 키요히코,우라베 후사코,카와이 아오바",56.0,20120.0,"드라마,멜로/로맨스"
