Rank,Movie_Title,Release_Date,Box_Office,Box_Office_Share,Cumulative_Box_Office,Audience,Cumulative_Audience,Screens,Showings,Main_Nationality,Nationality,Production_Company,Distributor,Rating,Genre,Director,Actors,movieCd,fd_rank,w1_rank,w2_rank,w1_au,w2_au,w3_au,w1_av_sc,w2_av_sc,w3_av_sc,Distributor_Sc,Director_code
1.0,서울의 봄,2023-11-22,127926951712.0,0.048,127926951712.0,13128080.0,13128080.0,2463.0,374533.0,한국,한국,(주)하이브미디어코프,플러스엠 엔터테인먼트,12세이상관람가,드라마,김성수,"이귀우,황정민,정우성,이성민,박해준,김성균,김의성,정동환,안내상,유성주,최병모,박훈,이재윤,김성오,남윤호,홍서준,안세호,정형석,박정학,박원상,박민이,염동헌,전진기,차래형,공재민,권혁,한창현,송영근,전수지,서광재,임철형,현봉식,곽자형,전운종,이승희,김기무,문성복,김옥주,박정표,곽진석,한규원,우미화,차건우,최원경,정만식,정해인,이준혁,우아름,김지원,최기동,양영문",20212866,1,1,1,2364698,2703248,2294407,1062.7173857216228,1189.735051870481,1074.8075353008096,A,10004596
2.0,파묘,2024-02-22,115121081312.0,0.044,115121081312.0,11910325.0,11910325.0,2367.0,364429.0,한국,한국,(주)쇼박스,(주)쇼박스,15세이상관람가,"미스터리,공포(호러)",장재현,"최민식,김고은,유해진,이도현,김재철,김민준,김병오,전진기,박정자,박지일,이종구,이영란,정상철,김지안,김태준,김서현,송광자,최문경,김선영,이다윗,김소숙,정윤하,설승혜,홍서준,안태영,최정화,이아연,심소연,한미자,현지인,이경민,한동희,이정현,설창희,황유나,윤재인,김희상,선인호,백승철,윤종구,박종원,임호준,김진욱,류한선,박태양,이은경,박진영,홍석빈,한혜지,박재완,윤정훈,최교식,이지현,정예서,이은주,은수,장의돈,주광현,박용,신무호,김이석,김선동,한동균,박예빈,윤수진,정승기,강일웅,김영주,오보혜,고영규,선인호,전형규,이태운,임예은,최낙윤,정무성,진대연,송나영,유한솔,김하영",20234675,1,1,1,3312940,3293441,1806157,1560.2893090224047,1501.11257976299,898.3301833167542,A,10060462
3.0,범죄도시4,2024-04-24,105948680909.0,0.04,105948680909.0,11075758.0,11075758.0,2980.0,340400.0,한국,한국,"주식회사 빅펀치픽쳐스,(주)홍필름,(주)비에이엔터테인먼트","주식회사 에이비오엔터테인먼트,플러스엠 엔터테인먼트",15세이상관람가,"액션,범죄",허명행,"김무열,박지환,이동휘,마동석,곽자형,이범수,김민재,이지훈,이주빈,김도건,김지훈,현봉식,김신비,김영웅,류지훈,백승환,배재원,안성봉,김호준,정인기,권일용,박보경,김수진,배해선,조진결,최현도,강준석,정유겸,김선문,김모범,주석인,박근정,이상진,최순진,강전영,정지영,고서정,조현식,정기욱,김근혁,장태민,임서아,강신철,김형범,김형국,이한솔,홍상우,주미진,서원준,이가회,김시영,민효경,박현진,강지연,지지안,우지영,김예소리",20228797,1,1,1,5005375,3713108,1217759,1735.7388784305954,1370.0783300827577,606.1518168242907,A,10088291
4.0,아바타: 물의 길,2022-12-14,137647702899.0,0.052,137647702899.0,10805065.0,10805065.0,2809.0,283037.0,미국,미국,,월트디즈니컴퍼니코리아 유한책임회사,12세이상관람가,"액션,어드벤처,SF,스릴러",제임스 카메론,"조 샐다나,샘 워싱턴,시고니 위버,스티븐 랭,케이트 윈슬렛",20225061,1,1,1,3201537,2814863,1985493,1154.8961092501931,1265.188198279183,974.9194023569022,A,10064304
5.0,범죄도시3,2023-05-31,104687737771.0,0.04,104687737771.0,10682813.0,10682813.0,2582.0,311915.0,한국,한국,"주식회사 빅펀치픽쳐스,(주)홍필름,(주)비에이엔터테인먼트","주식회사 에이비오엔터테인먼트,플러스엠 엔터테인먼트",15세이상관람가,"범죄,액션",이상용,"정호진,마동석,황순명,이준혁,아오키 무네타카,이범수,김민재,이지훈,김도건,고규필,전석호,안세호,한규원,최우준,최동구,이세호,이태규,배누리,최광제,심영은,김기호,고건한,신현용,쿠니무라 준,박지환,윤상돈,김지수,박혜영,마동석,강윤,홍준영,류성현,유인혁,김원경,박상원,공대유,박준혁,공경배,김민,최원석,송이우,주혁,전아희,손지영,차재현,연예림,이혜지,박상남,이재성,이재혁,서문호,한기장,손인용,정미형,최춘범,이진한,김태윤,백남준,박태산,이충구,김소원,강희제,강한별,홍이주,배소영,서영진,손태오,남지우,신혜선,주예은,채건희,이정환,심하늘,김리우,장용희,최현도,김다솔,이명로,정우탁,정현옥,여성환,김영조,문경린,이형석,이찬희,김우현,류한종,손종복,이진희,김민준,이윤석,정수원,조국형,박현석,김민수,최광덕,이상원,임소현,이한솔,홍상우,정무성,강하나,최태주,김주희,손승훈,이문빈,정규영,전민정,임연빈,이호철,이동호,김병탁,김세중",20226411,1,1,1,6053085,1993031,1031288,2527.9872919276886,951.1328742841556,741.9338129496402,A,20066385
6.0,탑건: 매버릭,2022-06-22,88369573194.0,0.033,88369573194.0,8230874.0,8230874.0,1975.0,252947.0,미국,미국,,롯데컬처웍스(주)롯데엔터테인먼트,12세이상관람가,액션,조셉 코신스키,"톰 크루즈,마일즈 텔러,제니퍼 코넬리,존 햄,에드 해리스,글렌 포웰,제이 엘리스,그렉 타잔 데이비스,찰스 파렐,장 루이자 켈리,대니 라미레즈",20194376,1,1,1,1829356,1819104,1195470,984.9620798400122,1233.8883720930232,1027.666707601621,A,20112353
8.0,한산: 용의 출현,2022-07-27,73711802377.0,0.0279999999999999,73711802377.0,7266340.0,7266340.0,2223.0,217777.0,한국,한국,(주)빅스톤픽쳐스,롯데컬처웍스(주)롯데엔터테인먼트,12세이상관람가,"액션,드라마",김한민,"박해일,이지영,김시국,이정태,변요한,안성기,손현주,김성규,김성균,김향기,옥택연,공명,박지환,조재윤,윤제문,박훈,윤진영,김강일,박재민,이서준,김민재,김재영,김구택,손경원,안성봉,이운산,김영웅,공정환,배현성,김대명,정예훈,김한민,김기호,김기환,강신구,김영탁,김공,이재한,정제우,정연,윤대열,김리우,김현태,현봉식,김범석,고한민,문승배,강덕중,서상원,김영찬,배명진,곽민호,정준화,황무영,안태준,이의령,안치욱,강병욱,김호연,김태근,고기영,홍윤,박선교,김동훈,서세명,박형준,이진민,이규탁,남현우,윤상원,이지운,문바롬,김태희,김동현,김우현,남상우,김현승,양동혁,오누리,한봄,박재이,김진희,강리안,강보라,김지아,이다혜,김효주,한송희,한상경,김진형,오지훈,이루겸,최홍락,방병현,황성웅,김이담,김경태,김건보,이동빈,유건기,위민국,정동근,최돈학,권용덕,김용준,김한솔,김현우,강성락,이종욱,윤상영,김영호,이건록,장한솔,정현옥,이단,백태민,현직,손대민,김무섭,한동국,황민혁,조현수,김서준,채강,엄기영,손수호,이상호,민주호,오창후,김형석,구본혁,우혁,김명곤,문숙,이준혁,윤승훈,박혜영,허중회,이보영,윤현승",20209343,1,1,1,2996258,1901895,1345920,1409.340545625588,1225.3350207086976,999.4102047310917,A,10006204
10.0,공조2: 인터내셔날,2022-09-07,70918411586.0,0.027,70918411586.0,6983077.0,6983077.0,2389.0,275817.0,한국,한국,"(주)제이케이필름,(주)씨제이이엔엠",(주)씨제이이엔엠,15세이상관람가,"액션,코미디",이석훈,"현빈,유해진,임윤아,다니엘 헤니,진선규,장영남,박훈,임성재,윤상화,박민하,전국환,전배수,이해영,서동원,이승훈,이제연,박형수,이민지,박종환,송영근,김중희,최동구,설찬미,서동복,박진수,김경식,변경록,정의순,이동용,남성준,김태수,우정국,김성인,전민,김태향,유비,우석준,현직,김관모,주재후,류경환,신욱,김선희,박광렬,황두하,전종석,신영훈,김병오,박재홍,임세인,김철윤,장현진,함태인,김진우,정윤하,강덕중,최미라,한은수,황인덕,정성인,명채미,최유지,추정훈,김원해,조달환",20215601,1,1,1,3544785,1375129,748223,1559.714312653215,637.8994698475811,466.63943335709206,A,10055965
12.0,밀수,2023-07-26,49685303003.0,0.019,49685303003.0,5143261.0,5143261.0,1932.0,167670.0,한국,한국,(주)외유내강,(주)넥스트엔터테인먼트월드(NEW),15세이상관람가,액션,류승완,"김혜수,염정아,조인성,박정민,김종수,고민시,김재화,박준면,박경혜,주보비,곽진석,정도원,신민재,김충길,이정수,안세호,최종원,김원해,김경덕,윤병희,김기천,윤종구,신영옥,홍성오,김준식,이상희,신삼봉,구본웅,백주희,전현숙,이선희,이진희,신우희,백승철,윤대열,이태형,정재원,장기하,진경,윤경호",20218541,1,1,1,2224264,1563042,782513,1208.088764742396,1079.6619301361752,721.5901725727838,A,10019069
14.0,노량: 죽음의 바다,2023-12-20,45005909475.0,0.017,45005909475.0,4573051.0,4573051.0,2196.0,155687.0,한국,한국,(주)빅스톤픽쳐스,"롯데컬처웍스(주)롯데엔터테인먼트,(주)에이스메이커무비웍스",12세이상관람가,"사극,액션",김한민,"최단비,김윤석,백윤식,정재영,허준호,김성규,이규형,이무생,최덕문,안보현,박명훈,박훈,문정희,정기섭,유성주,안성봉,안세호,이성욱,오누리,주석태,최광제,최정태,김중희,안성기,여진구,이제훈,박용우,김민상,공명,남명렬,남경읍,배한성,김재영,송요셉,김효민,강성락,이건록,노형원,임일규,허재호,한우진,이재한,강신구,이태형,김형석,최돈학,이지영,이상호,전운종,한대훈,정대경,고해성,남상우,정영록,이재우,고기영,문바롬,이동희,김용준,손대민,윤상영,박형준,이규탁,김범수,박상원,진범일,서한돌,조성국,이시안,서대건,정시훈,김시우,김준석,박성현,김형록,황성웅,위민국,이민수,김진형,윤현승,남태우,우혁,김무섭,구본혁,채강,채원우,김동환,한재학,정동근,지상우,송치훈,김태응,강민태,박웅선,강수호,박현욱,김서준,황재운,이웅규,박범규,김시국,서현재,김백겸,공지삵,강태우,이승헌,함진성,이동현,이원희,박누가,손수호,최기표,황민혁,정하영,신형근,정유준,서정민,정민혁,김태훈,정종훈,김서빈,조현수,윤영진,하영진,정민철,김명수,양동혁,박성현,정승현,백경선,임성민,엄기영,박인국,유명환,김민수,오영철,최지현,오동훈,윤혁진,민주호,김동형,이창균,김경훈,김진욱,홍기주,이종섭,오창후,허재욱,박상준,허태경,안준호,조재현,최지환,문형돈,오지훈,이시헌,박원진,한지은,신재영,송광주,장루이,현서영,신치영,황민형,김한상,장유화,연원모,김지안,석예린,권지희,문정환,변봉식,박광복,박선애",20203702,1,1,1,2367281,1432559,425804,1179.5961702733484,803.9696143670328,310.57913931436906,A,10006204
15.0,헌트,2022-08-10,44602463153.0,0.017,44602463153.0,4352513.0,4352513.0,1625.0,170966.0,한국,한국,"(주)아티스트스튜디오,(주)사나이픽처스",플러스엠 엔터테인먼트,15세이상관람가,"액션,드라마",이정재,"장재혁,이상혁,오동훈,이지영,이정재,정우성,전혜진,허성태,고윤정,김종수,정만식,임형국,정경순,정재성,송영창,강경헌,임성재,정성모,손성호,김학선,오만석,김문찬,박건우,이채은,김윤도,송덕호,이서한,장서경,김찬형,송철호,김형범,경성환,윤정섭,최우준,정재현,김효준,차래형,박중근,홍성덕,문정대,이도국,이한주,고서희,손경원,이태형,조진결,고경만,김호준,김은우,정종우,박민이,윤대열,김완수,김결,김덕주,민경옥,김송일,이가경,차우진,박민정,옥주리,조광유,박도영,조혜린,박병관,이도헌,이주안,손승범,장재혁,박인국,문유성,김동형,김시원,배정환,이시안,정상균,박영준,최기표,김재환,남열,태윤,박형준,백승우,이찬희,전현석,장나라,이웅규,진가민,허윤,권민경,이재원,김의신,조영미,최은애,백경윤,박서희,박민정,김기태,김재환,김한솔,서문호,여이레,이도군,홍지원,황정민,이성민,유재명,박성웅,조우진,김남길,주지훈,정용식,김동규,김동훈,김명선,최민,권은성,박윤희,이도군",20211792,1,1,1,2096195,1117024,595542,1348.4070023892664,776.712824078673,510.1314243759179,A,10057315
16.0,가디언즈 오브 갤럭시: Volume 3,2023-05-03,44358441834.0,0.017,44358441834.0,4209250.0,4209250.0,1819.0,153745.0,미국,미국,,월트디즈니컴퍼니코리아 유한책임회사,12세이상관람가,액션,제임스 건,"크리스 프랫,조 샐다나,데이브 바티스타,카렌 길런,폼 클레멘티에프,빈 디젤,브래들리 쿠퍼,윌 폴터",20231496,1,1,1,1830021,1035298,553391,1047.6933834955423,612.3435572454583,469.4300775569559,A,10063965
17.0,미션 임파서블: 데드 레코닝 PART ONE,2023-07-12,40430706769.0,0.015,40430706769.0,4022291.0,4022291.0,2437.0,137978.0,미국,미국,파라마운트 픽쳐스,롯데컬처웍스(주)롯데엔터테인먼트,15세이상관람가,"액션,스릴러,어드벤처",크리스토퍼 맥쿼리,"톰 크루즈,헤일리 앳웰,빙 라메스,사이먼 페그,레베카 퍼거슨,바네사 커비,에사이 모랄레스,폼 클레멘티에프",20232631,1,1,1,2014779,1085799,553221,868.599679743795,662.0148941729815,645.2094301899367,A,10077515
18.0,콘크리트 유토피아,2023-08-09,37412826232.0,0.0139999999999999,37412826232.0,3849244.0,3849244.0,1731.0,150919.0,한국,한국,"클라이맥스 스튜디오(주),(주)비에이치 엔터테인먼트",롯데컬처웍스(주)롯데엔터테인먼트,15세이상관람가,"드라마,기타",엄태화,"이병헌,박서준,박보영,김선영,김도윤,박지후,김학선,공민정,엄태구,정영기,오희준,김준배,정혜윤,이서환,강애심,이효제,김시운,김병순,이선희,권은성,강일,곽자형,최영도,김용준,김동곤,남진복,변진수,곽민규,김홍국,황정남,김희상,손민석,전영,정은경,배기범,주인영,이지해,이은주,박주용,무현,한승우,김현창,정태영,백승진,홍성오,정재민,김지산,라호찬,김예은,김상동,김봉희,김자미,오은지,이자령,오민정,김태준,유휴인,민영,라희선,김문학,이승원,공재민,추연규,허선행,김경덕,이석형,나철,최솔희,현승진,서우진,천윤경,김동현,박지홍,정지우,홍승균,이중현,박경찬,김가영,이일진,이서아,박종환,장선,김권후,김선경,하은서,변중희,신다영,김지성,윤재국,김영건,강종현,홍성일,김연지,권라희,유이찬,양소희,이재준,진유찬,김태이,양희원,김효경,강준석,이상연,김테이,오수진",20204264,1,2,2,2136508,764918,473505,1390.1799591002043,678.72049689441,427.24091260634185,A,10047368
19.0,웡카,2024-01-31,33957565189.0,0.013,33957565189.0,3531560.0,3531560.0,1753.0,152289.0,미국,미국,,워너브러더스 코리아(주),전체관람가,"판타지,드라마",폴 킹,"티모시 샬라메,칼라 레인,올리비아 콜맨,톰 데이비스,휴 그랜트,샐리 호킨스",20236180,1,1,1,914503,972246,701471,546.4379854886896,767.793546931408,631.3870387038704,A,10083843
20.0,올빼미,2022-11-23,32860926124.0,0.012,32860926124.0,3329634.0,3329634.0,1541.0,149137.0,한국,한국,"(주)씨제스엔터테인먼트,(주)영화사 담담",(주)넥스트엔터테인먼트월드(NEW),15세이상관람가,스릴러,안태진,"류준열,유해진,최무성,조성하,박명훈,김성철,안은진,조윤서,김상욱,이주원,김예은,정석원,류성현,김승태,신문성,안성봉,문승배,김인권,김채원,김도원,양희명,강진휘,박희은,김샛별,김재현,류석호,손경원,송동환,강덕중,안세호,배용근,류지훈,조경현,신정원,황보정일,윤진영,윤준열,정동근,최돈학,서인혁,고한민,장태민,서문호,이동희,노정현,김설,손문영,김태준,안석현,권병철,고덕원,이정훈,김현정,장윤정,류진,남시훈,이태호,김현우,한수빈,한여름,설옥남,김수민,이정우,전민옥,전동현,권병철,황영윤,홍의정,이충식,전기수,최춘범,이수민,전기수",20227762,1,1,1,989649,911420,750910,678.2399647542588,669.2478757998531,530.1432173474535,A,10043796
21.0,영웅,2022-12-21,32302850750.0,0.012,32302850750.0,3275218.0,3275218.0,1314.0,133663.0,한국,한국,"(주)제이케이필름,(주)씨제이이엔엠",(주)씨제이이엔엠,12세이상관람가,"드라마,뮤지컬",윤제균,"정성화,김고은,나문희,조재윤,배정남,이현우,박진주,권라희,지웅배",20196478,2,2,2,967483,835851,498005,819.0084653525215,800.842732001095,573.6440677966102,A,10054492
22.0,오펜하이머,2023-08-15,34444961856.0,0.013,34444961856.0,3237793.0,3237793.0,1636.0,132298.0,미국,미국,,유니버설픽쳐스인터내셔널 코리아(유),15세이상관람가,"스릴러,드라마",크리스토퍼 놀란,"킬리언 머피,에밀리 블런트,맷 데이먼,로버트 다우니 주니어,플로렌스 퓨,조쉬 하트넷,케이시 애플렉,라미 말렉,케네스 브래너",20226431,1,1,1,1680147,693022,426028,1092.321816662023,499.8613086038126,379.5108170017815,B,10077460
23.0,쥬라기 월드: 도미니언,2022-06-01,29237071310.0,0.011,29237071310.0,2837410.0,2837410.0,2218.0,86427.0,미국,미국,,유니버설픽쳐스인터내셔널 코리아(유),12세이상관람가,"액션,어드벤처",콜린 트레보로우,"크리스 프랫,브라이스 달라스 하워드,드완다 와이즈,로라 던,제프 골드블럼,샘 닐",20206061,1,2,3,2226799,441319,118141,1100.8964616145208,495.94365066623857,261.53921568627453,B,20121453
24.0,마녀(魔女) Part2. The Other One,2022-06-15,28920265670.0,0.011,28922488670.0,2806254.0,2806501.0,1796.0,94939.0,한국,한국,"(주)영화사 금월,(주)스튜디오앤뉴,(주)페퍼민트앤컴퍼니",(주)넥스트엔터테인먼트월드(NEW),15세이상관람가,액션,박훈정,"신시아,박은빈,서은수,진구,성유빈,조민수,차순배,저스틴 하비,이종석,김다미,변서윤,채원빈,서이라,정라엘,김기해,장재영,정예진,모그,신영옥,김대흥,신희철,정환욱,우강민,최홍락,홍원표,유태근,윤기창,오기덕,이규영,한재웅,문동식,노승윤,고남호,이준,임승준,장남수,최동구,김한솔,공경배,서문호,이선호,한상경,이상렬,조광욱,정운,조창원,오원혁,김민규,김소민,김벼리,장지호,엄태구,김용우",20224882,1,1,2,1686770,649769,359015,1025.7484145599865,636.5826452064382,475.69657391633547,A,10029578
25.0,토르: 러브 앤 썬더,2022-07-06,29505081721.0,0.011,29505081721.0,2716306.0,2716306.0,2143.0,107527.0,미국,미국,,월트디즈니컴퍼니코리아 유한책임회사,12세이상관람가,"액션,어드벤처,판타지",타이카 와이티티,"크리스 헴스워스,나탈리 포트만,테사 톰슨,크리스찬 베일,타이카 와이티티,크리스 프랫",20224662,1,2,2,1953256,621702,124420,1003.7286742034944,515.3853623874941,211.0857973824528,A,10079273
28.0,30일,2023-10-03,21258247514.0,0.008,21258247514.0,2165585.0,2165585.0,1226.0,130511.0,한국,한국,(주)영화사울림,(주)마인드마크,12세이상관람가,코미디,남대중,"강하늘,정소민,조민수,김선영,황세인,윤경호,이상진,원우,송해나,엄지윤,임철형,임진택,김진만,장지아,서한결,전노민,태인호,강지영,정형석,이원욱,학진,김선화,윤세웅,나호숙,홍준우,채주아,조영지,노정현,정상우,이수빈,이나현,심우성,강병화,이선우,류강주,문호진,홍윤희,이동현,구유진,홍석빈,윤지욱,남선중,문승현,차지현,이윤정,이주은,정윤겸,권정윤,이건창,이건창,조용환,박청용,유황조,정진웅,김태수,김동완,남훈철",20228819,1,1,1,774293,471642,375882,693.8109318996416,444.8253839935328,360.7312859884837,D,20209287
29.0,블랙 팬서: 와칸다 포에버,2022-11-09,22206623699.0,0.008,22206623699.0,2105988.0,2105988.0,2571.0,121669.0,미국,미국,,월트디즈니컴퍼니코리아 유한책임회사,12세이상관람가,"액션,어드벤처,드라마",라이언 쿠글러,"레티티아 라이트,루피타 뇽오,다네이 거라이라,마틴 프리먼,다니엘 칼루야,안젤라 바셋,윈스턴 듀크,테노치 우에르타 메히아",20226254,1,1,2,1223804,574434,220274,493.6115240564679,403.7186746987952,250.0272417707151,A,20185181
30.0,비상선언,2022-08-03,20927363328.0,0.008,20927363328.0,2058869.0,2058869.0,1734.0,73045.0,한국,한국,"(주)매그넘나인,(주)씨제스엔터테인먼트,씨네주 유한회사",(주)쇼박스,12세이상관람가,드라마,한재림,"송강호,이병헌,전도연,김남길,임시완,김소진,박해준,우미화,현봉식,문숙,설인아,권한솔,김보민,김국희,임형국,이열음,임성재,순정,황재훈,이상현,김학선,남명렬,정종열,김호정,이현균,이시원,이일섭,윤세웅,오재균,변우종,조승연,황현빈,박재완,심소연,채송아,진미사,이수미,강지현,신수연,홍하나임,황가희,윤소희,구유정,이지윤,곽민규,전정일,이승준,하정민,박근홍,이예영,서석규,하혜승,김금순,이은희,이동희,조용준,김혁종,조운,김영욱,윤민수,지웅배,구민혁,신현숙,이문빈,조태호,김서연,신승용,김규도,김봉희,양대성,석보배,신민경,용석주,김병만,최솔희,김지우,고경인,최지안,박인지,박희은,정재혁,최영도,정서인,박선임,이종운,이택근,고경희,박크미,이두석,정윤하,오윤수,조범수,문주연,문아람,조진결,송경의,김리승,강말금,성기윤,이화룡,전수지,김창환,손진환,손재협,고용진,조재룡,배현경,변진수,유종연,심우성,민재경,문병주,강내균,전세용,유아름,김이현,박기선,권정민,강영일,이승준,이은주,이태건,김광현,이지수,민효경,전은미,이윤재,서덕인,전두현,권혁,정형석,전형재,송훈,이하은,송원수,송광주,신정아,임정옥,황재열,김진혁,이주영,송형수,김광식,이기동,조대희,최재훈,고유찬,서동복,최은경,차승호,최백규,이의령,성용훈,박선우,민상철,최영민,이대한,이동현,이유진,조영지,김동형,변동욱,오재세,김상일,백승익,오근욱,제성,윤선미,최현아,장준휘,양희명,조강연,권훈,손경원,이해운,정연심,윤재인,박주영,하수호,윤선미,김솔로몬,김지민,김태훈,최필상,기도영,송글송글,정소용,류민하,강준석,안정호,지남혁,김리우,공대유,서혜윤,기환,박예영,김영조,하경민,여민구,강명헌,김연교,신덕호,옥윤중,장서연,임지현,변중희,김도원,김현정,장용희,김한상,신치영,현승진,권일용,김윤희,정지영,박윤희",20196410,1,2,3,1549239,397309,87029,963.0293046798686,466.4033204762703,157.45748255363145,A,10087712
32.0,듄: 파트2,2024-02-28,23424291849.0,0.009,23424291849.0,1999868.0,1999868.0,1544.0,82778.0,미국,미국,,워너브러더스 코리아(주),12세이상관람가,액션,드니 빌뇌브,"티모시 샬라메,젠데이아 콜먼,레베카 퍼거슨,조슈 브롤린,오스틴 버틀러,플로렌스 퓨,데이브 바티스타,크리스토퍼 월켄,스티븐 헨더슨,레아 세이두,스텔란 스카스가드,샬롯 램플링,하비에르 바르뎀",20236295,2,2,2,905472,435865,279879,740.1966600490483,442.7593963140328,325.00879230258795,A,20113786
33.0,육사오(6/45),2022-08-24,19793028880.0,0.0069999999999999,19793028880.0,1981014.0,1981014.0,1339.0,105937.0,한국,한국,"(주)티피에스컴퍼니,(주)싸이더스","(주)홈초이스,(주)싸이더스",12세이상관람가,코미디,박규태,"이학주,고경표,이이경,음문석,박세완,이순원,곽동연,김민호,류승수,윤병희,이준혁,신원호,남도윤,서정우,최민혁,배한솔,정상철,강길준,김건우,김슬민,오병곤,윤지용,박치우,이학주,김관모,홍민기,김민규,김백겸,문경민,박혁진,유병수,이태경,윤지홍,손경표,강운,최현태,서한돌,이동환,구본혁,김진형,송호제,신문선,이건록,이동기,이수,이시안,이지운,정시훈,채원우,최기표,황민혁,황태훈,최원,서지원,오혜금,편한마음,김재민,이종훈,조미초,이예진,정인기,박희진,이현걸,오현수,정용식",20217826,2,1,1,585230,631254,470570,550.3237506716821,506.5082530949106,576.2753673897831,B,10028479
34.0,존 윅 4,2023-04-12,19956652129.0,0.008,19956652129.0,1924768.0,1924768.0,1535.0,89561.0,미국,미국,,(주)레드아이스 엔터테인먼트,청소년관람불가,액션,채드 스타헬스키,"키아누 리브스,로렌스 피쉬번,이안 맥쉐인,빌 스카스가드,견자단",20231089,1,1,1,830375,476686,375882,565.7606579715787,336.16784203102964,439.0412147505424,D,10071639
35.0,천박사 퇴마 연구소: 설경의 비밀,2023-09-27,18635492555.0,0.0069999999999999,18635492555.0,1916429.0,1916429.0,1511.0,98823.0,한국,한국,(주)외유내강,(주)씨제이이엔엠,12세이상관람가,"판타지,액션",김성식,"김영빈,강동원,허준호,이솜,이동휘,김종수,박소이,윤병희,주보비,박경혜,이규호,김원해,박정민,조이현,이정은,박명훈,지수,박지홍,권오철,이동찬,민효경,오현석,박주환,배영란,구시연,전소현,송길호,고재원,김태야,최재옥,김태진,김현준,김승필,장주완,이보람,장우용",20227410,1,2,2,1512444,253486,99802,1066.8186215235792,249.2837875807812,136.39476766887935,A,20180509
36.0,헤어질 결심,2022-06-29,19740856178.0,0.0069999999999999,19740856178.0,1904147.0,1904147.0,1374.0,80670.0,한국,한국,모호필름,(주)씨제이이엔엠,15세이상관람가,"미스터리,멜로/로맨스",박찬욱,"박해일,탕웨이,이정현,고경표,김신영,정영숙,유승목,서현우,정이서,이학주,정소리,신안진,김도연,고민시,차서원,주인영,윤성원,최선자,진용욱,안진상,박정민,박용우,정하담,최대훈,김미화,곽은진,안성봉,김성곤,문순주,현직,한서울,김도담,문정대,유인혜,권혁성,차상도,강경수,유태오,이지하,전성애,이경민,이용녀,김귀례,김도담,유다솜,김민준,김국진,김상현",20209654,2,2,3,613512,355748,351104,512.1135225375626,523.3787305590585,429.072625698324,A,10029381
37.0,분노의 질주: 라이드 오어 다이,2023-05-17,18474636210.0,0.0069999999999999,18474636210.0,1773483.0,1773483.0,1731.0,93156.0,미국,미국,,유니버설픽쳐스인터내셔널 코리아(유),15세이상관람가,액션,루이스 리테리어,"빈 디젤,제이슨 모모아,제이슨 스타뎀,샤를리즈 테론,브리 라슨,미셸 로드리게즈,성 강",20231592,1,1,1,963809,643030,128830,572.333135391924,454.0714213658832,215.4862604540024,B,10018639
39.0,교섭,2023-01-18,17460908740.0,0.0069999999999999,17460908740.0,1721100.0,1721100.0,1289.0,92618.0,한국,한국,"(주)영화사수박,원테이크필름",플러스엠 엔터테인먼트,12세이상관람가,드라마,임순례,"황정민,도기범,현빈,강기영,조윤상",20190808,1,1,2,1137854,351204,155274,895.948031496063,381.1516279069767,207.30841121495328,A,10058650
40.0,시민덕희,2024-01-24,16138750097.0,0.006,16138750097.0,1709827.0,1709827.0,1281.0,96231.0,한국,한국,"(주)씨제스엔터테인먼트,페이지원필름(주)",(주)쇼박스,15세이상관람가,드라마,박영주,"라미란,공명,염혜란,박병은,장윤주,이무생,안은진,김율호",20206946,1,1,2,597801,389977,523712,503.7446731672084,389.1431218816821,526.4192992533027,A,20183969
41.0,앤트맨과 와스프: 퀀텀매니아,2023-02-15,16346738806.0,0.006,16346738806.0,1551129.0,1551129.0,2090.0,104768.0,미국,미국,,월트디즈니컴퍼니코리아 유한책임회사,12세이상관람가,액션,페이튼 리드,"폴 러드,에반젤린 릴리,미셀 파이퍼,마이클 더글라스",20230209,1,1,2,975633,400851,143532,502.9776844896156,362.2459333849728,229.91395881006864,A,10083194
42.0,외계+인 1부,2022-07-20,16009890548.0,0.006,16009890548.0,1541020.0,1541020.0,1959.0,68420.0,한국,한국,(주)케이퍼필름,(주)씨제이이엔엠,12세이상관람가,"액션,판타지,SF",최동훈,"류준열,김우빈,김태리,소지섭,염정아,조우진,김의성,이하늬,신정근,이시훈,김대명,최유리,김기천,윤병희,지건우,윤경호,옥자연,이현걸,김해숙,유재명,전여빈,김민서,김민준,이선희,백현주,최광제,심달기,조하이,김루아,김강일,이동희,김찬형,박무염,송영광,이동용,장준휘,한성수,김정한,김왕도,김세홍,김만호,김민체,박광재,박수진,김선혁,김우현,김민환,김재현,김윤도,김진욱,김한솔,문바롬,박수찬,성백인,안재원,이태환,이보영,윤상원,손주환,김단비,지한아,김빛나래,김세정,민정은,배윤민,정지원,지성은,전아희,한수아,고나영,박시연,송지혁,우상기,김선혁,한승윤,박인규,강정민,이희규,변진수,양미선,이병욱,장규식,전경희,강춘선,강차욱,김문조,조한길,류관후,김방선,전은미,정민규,고유준,전진기,이원민,이택근,서석규,한동훈,남지우,박래영,임보현,임우진,신혜지,김지선,김예주,이주혁,하시연,차영주,이수진,김수현,현오봉,김승준,박건률,선인호,이동석,조운성,조진결,한지훈,황인직,이준창,황재운,임재민,강기원,전원표,정예서,민새희,오채은,이하주,유독현,이가현,김현식,박종범,이섭정,강한별,김솔로몬,장석준,이수형",20208446,1,2,5,1067857,366705,71950,618.9450194584748,499.20945157526256,187.36979166666663,A,10072187
43.0,잠,2023-09-06,13894258933.0,0.005,13894258933.0,1470359.0,1470359.0,1231.0,103697.0,한국,한국,(주)루이스 픽쳐스,롯데컬처웍스(주)롯데엔터테인먼트,15세이상관람가,미스터리,유재선,"정유미,박현정,이선균,김금순,이동찬,오윤수,홍하나임,김국희,이경진,윤경호",20224667,1,1,1,633262,459102,269874,556.6089904570567,419.544908616188,274.10301799187465,A,20186285
44.0,외계+인 2부,2024-01-10,13792326337.0,0.005,13792326337.0,1430121.0,1430121.0,1390.0,97872.0,한국,한국,(주)케이퍼필름,(주)씨제이이엔엠,12세이상관람가,기타,최동훈,"류준열,김태리,김우빈,이하늬,염정아,조우진,김의성,진선규,신정근,윤경호,이시훈,최미금,위지웅",20235253,1,1,1,733722,415189,184193,561.6856955380578,321.92323881258307,207.05813393287292,A,10072187
46.0,달짝지근해: 7510,2023-08-15,13445519901.0,0.005,13445519901.0,1388309.0,1388309.0,1032.0,86601.0,한국,한국,(주)무비락,(주)마인드마크,12세이상관람가,코미디,이한,"유해진,김희선,차인표,진선규,한선화,정다은,이준혁,이지훈,윤병희,김서현,김기천,현봉식,기소유,이동용,최교식,이승훈,임승범,안주리,정우성,염혜란,임시완,고아성,우현,이호철,김범태,이한솔,김율호,신우희,강지은,김한솔,손정아,김호경,한태은,강충훈,홍성관,이동규,박도영,김범석,구본진,유수연,김경리,김륜호,한태진,김인경,장준현,강다희,장지훈,권귀빈,서정원,양재현,하시연,김민정,채송화,김수진,이왕수,신정만,전두현,우혁",20226500,3,3,3,495704,381921,257394,606.418734708144,403.66102974482857,287.13274900398403,D,10058005
47.0,브로커,2022-06-08,12587208030.0,0.005,12587208030.0,1261258.0,1261258.0,1594.0,66210.0,한국,한국,영화사 집,(주)씨제이이엔엠,12세이상관람가,드라마,고레에다 히로카즈,"송강호,강동원,배두나,이지은,이주영,임승수,박지용,김선영,이무생,이동휘,김새벽,백현진,오희준,류경수,종호,성유빈,박강섭,김금순,강길우,김예은,류지안,윤슬,장혜민,정종열,최희진,이도군,김도연,최효상,강민지,이가경,양권석,이두석,박종현,전선호,박영준,황도윤,김다나,김수현,배가진,김진아,나경철,이가은혜,송새벽,박해준,정지우,이도군,윤슬",20206257,1,2,3,885094,265563,76048,593.7950929653056,367.3796442687747,172.7242050616483,A,20070799
48.0,"오늘 밤, 세계에서 이 사랑이 사라진다 해도",2022-11-30,11996684809.0,0.005,11996684809.0,1183536.0,1183536.0,439.0,48582.0,일본,일본,,"(주)바이포엠스튜디오,홀리가든",12세이상관람가,멜로/로맨스,미키 타카히로,"미치에다 슌스케,후쿠모토 리코,후루카와 코토네,마츠모토 호노카",20228313,9,4,2,71801,145191,161706,316.7025834908633,370.5202333211813,461.2640586797066,D,20115465
50.0,인생은 아름다워,2022-09-28,10906511019.0,0.004,10906511019.0,1172742.0,1172742.0,1285.0,106987.0,한국,한국,더램프(주),롯데컬처웍스(주)롯데엔터테인먼트,12세이상관람가,뮤지컬,최국희,"김동국,류승룡,염정아,박세완,옹성우,심달기,정현정,하현상,김다인,유순웅,이세령,김민체,조승연,조수지,변진수,문정대,박경근,김호준,정영섭,박경찬,황정윤,한이진,김영준,남성호,이희규,김진아,전무송,박영규,김혜옥,신신애,김종수,고창석,염혜란,김선영,류현경",20198317,3,3,2,363305,304112,196470,300.53592531316474,295.6233856408832,224.64717412610256,A,10072117
51.0,드림,2023-04-26,10821044597.0,0.004,10821044597.0,1128375.0,1128375.0,1285.0,61737.0,한국,한국,"(주)옥토버시네마,(주)노브레이크필름",플러스엠 엔터테인먼트,12세이상관람가,"코미디,드라마",이병헌,"박서준,아이유,김종수,고창석,정승길,이현우,양현민,홍완표,허준석,이하늬,박선웅,박재철,홍지석",20198482,1,2,3,679743,304725,103870,548.7488178987429,377.8028692879915,157.51516464471405,A,20125862
52.0,비공식작전,2023-08-02,10192841216.0,0.004,10192841216.0,1058745.0,1058745.0,1151.0,45083.0,한국,한국,"(주)와인드업필름,와이낫필름",(주)쇼박스,12세이상관람가,드라마,김성훈,"하정우,주지훈,권은성,홍지석,임형국,김응수,김종수,박혁권,유승목,한수현,최정우,장소연",20193879,2,2,9,812259,209979,22941,733.1802707930367,311.14585097375107,89.41369710467707,A,10004662
53.0,1947 보스톤,2023-09-27,9471262798.0,0.004,9471262798.0,1027545.0,1027545.0,1282.0,63553.0,한국,한국,"(주)비에이엔터테인먼트,(주)빅픽쳐","롯데컬처웍스(주)롯데엔터테인먼트,(주)콘텐츠지오,주식회사 에이투지엔터테인먼트",12세이상관람가,드라마,강제규,"하정우,임시완,배성우,김상호,오희준,박효주,서정연,최규환,송영창,이규복,정영주,박서원,박은빈,임현성,김정철,리민,윤희철,김서현,최종률,김민경,홍성덕,양지수,김환영,황자능,김수혁,서동규,안태준,구자건,이태형,이한종,천재홍,노형원,주영호,윤부진,정미남,조혜선,정익한,박기선,오경주,양소민,조홍우,양지수,최상재,정재윤,진범일",20197122,2,4,3,735536,125716,73242,621.6797874909442,157.96302279662538,115.96788057000678,A,10000854
54.0,댓글부대,2024-03-27,9239971711.0,0.003,9239971711.0,972914.0,972914.0,1228.0,67710.0,한국,한국,(주)영화적순간,(주)에이스메이커무비웍스,15세이상관람가,"범죄,드라마",안국진,"손석구,김성철,김동휘,홍경,이찬유",20231041,1,2,2,611447,220286,95517,527.6293145956607,262.9159420289855,145.2572235498588,B,20112403
57.0,데시벨,2022-11-16,8852632146.0,0.003,8852632146.0,901426.0,901426.0,1152.0,55355.0,한국,한국,"이스트드림시노펙스(주),(주)기억속의매미",(주)마인드마크,12세이상관람가,액션,황인호,"김래원,채시은,임병훈,정상훈,이종석,박병은,이상희,김정우,나현우,박성훈,조인우,이종욱,박진수,신윤주,조달환,우지현,노성은,이승훈,윤정열,김건,장세원,안태환,류시안,명홍진,한민엽,권동호,김진환,위민국,김호준,손윤환,오동훈,김창헌,이한주,손승범,이화영,한기찬,정원석,김이준,신영찬,성백인,김동훈,김동연,류필립,정율건,장용희,이영훈,박수현,조강혁,장민수,이후림,이재준,차은우,이민기,김슬기,강경헌,차정환,최미라,한상경,김태훈,유민석,이승준,정우혁,한창현,고태영,김현동,윤지희,윤현길,손광익,박지원,서지원,최현주,임서영,이현하,손서영,이정준,안다정,감승민,윤기창,원시현,김하랑,설윤지,정현지,이윤호,차재현,최윤빈,임병택,정현옥,형영선,정재훈,조한결,김장원,이나민,오은지,전한나,전아희,윤재형,김진우,신치영,정다온,장은주",20217905,1,1,2,571385,244366,61844,525.3079852902548,285.80818713450293,129.65199161425576,D,10090261
58.0,정직한 후보2,2022-09-28,8447760162.0,0.003,8447760162.0,899899.0,899899.0,1318.0,77223.0,한국,한국,"(주)수필름,(주)홍필름",(주)넥스트엔터테인먼트월드(NEW),12세이상관람가,코미디,장유정,"라미란,김무열,윤경호,서현우,박진주,윤두준,김용림,신재휘,배해선,성열석,이진희,장원형,박주용,임영우,신윤정,김귀선,하성광,정영기,류경환,정예훈,이혜라,홍승균,한창현,정혜경,한동호,김석영,채수연,박선혜,오재세,김아라,유형준,임태훈,정우혁,유일한,문규민,강숙,조용환,변동욱,홍인아,김태율,황우상,유영복,박재완,오규택,이은석,차정민,오윤수,이명자,이순풍,임용순,김동인,나호숙,김지혜,임승묵,이태영,유준상,김재화,김지성,온주완,윤사봉,나문희,이동찬,이재은",20219628,1,2,3,518253,238111,94926,409.963950728896,258.69579388483623,142.93009249300923,A,20110174
59.0,아쿠아맨과 로스트 킹덤,2023-12-20,8990202656.0,0.003,8990202656.0,878012.0,878012.0,965.0,36735.0,미국,미국,,워너브러더스 코리아(주),12세이상관람가,"액션,어드벤처,판타지",제임스 완,"제이슨 모모아,패트릭 윌슨,야히아 압둘 마틴 2세,앰버 허드,니콜 키드먼",20235735,3,3,4,514189,273105,69212,554.8517034068137,317.77509973404256,125.5139896373057,A,10064265
61.0,인디아나 존스: 운명의 다이얼,2023-06-28,8504251466.0,0.003,8504251466.0,860470.0,860470.0,1268.0,46174.0,미국,미국,,월트디즈니컴퍼니코리아 유한책임회사,12세이상관람가,"어드벤처,액션",제임스 맨골드,"해리슨 포드,안토니오 반데라스,존 라이스 데이비스,매즈 미켈슨",20232273,2,3,3,592782,230847,31637,483.1149144254279,267.09570247933885,100.526100771675,A,10064101
65.0,블랙 아담,2022-10-19,8040723608.0,0.003,8040723608.0,779485.0,779485.0,1524.0,77116.0,미국,미국,,워너브러더스 코리아(주),12세이상관람가,"액션,어드벤처,SF",자움 콜렛 세라,"드웨인 존슨,노아 센티네오,피어스 브로스넌,퀸테사 스윈들,알디스 호지,사라 샤이",20226886,1,1,3,484238,187910,94832,330.34460578890946,239.6374567316452,135.52960391996734,A,10087089
66.0,트랜스포머: 비스트의 서막,2023-06-06,7786907316.0,0.003,7786907316.0,769993.0,769993.0,1123.0,45195.0,미국,미국,파라마운트 픽쳐스,롯데컬처웍스(주)롯데엔터테인먼트,12세이상관람가,액션,스티븐 카플 주니어,"안소니 라모스,피터 딘클리지",20232025,2,2,4,593479,133767,32299,550.3183203073256,196.098219895288,117.2073613271125,A,10056578
67.0,대외비,2023-03-01,7469378721.0,0.003,7469378721.0,756355.0,756355.0,1157.0,53616.0,한국,한국,"(주)트윈필름,(주)비에이엔터테인먼트",플러스엠 엔터테인먼트,15세이상관람가,"범죄,드라마",이원태,"조진웅,이성민,김무열,원현준,김민재,유승목,김윤성,박세진,손여은,이상원,박정표,박상원,허지원,정기섭,박기선,한갑수,문정대,박상규,손성찬,엄옥란,박재원,양정인,곽진,이상협,권혁성,우수빈,김제형,김수환,문순주,최병윤,김성곤,박시완,최현도,여이레,정소리,윤도영,김진,문지영,허민아,김형명,이원진,정조준,최동구,이형원,김민준,이정우,유상재,양택호,이태일,김미현,임종훈,김탁,이유주,송용환,김가은,조영진,최민철",20208962,1,1,3,553546,155049,39067,523.2003780718336,208.63956170703577,82.2710589651023,A,20131414
68.0,자백,2022-10-26,7352661230.0,0.003,7352661230.0,738154.0,738154.0,1115.0,78572.0,한국,한국,리얼라이즈픽쳐스(주),롯데컬처웍스(주)롯데엔터테인먼트,15세이상관람가,"범죄,스릴러",윤종석,"김도형,소지섭,김윤진,나나,최광일,박현숙,홍서준,박미현,서영주,황선희,한갑수,김용호,이강진,정청민,박지열,안문주,배재완,조진결,유건우,김관수,안애경,이동규,마정필,원동연,신훈희,김빛나래,백승훈,정윤하,이민식,이승현,김경석,오지영,진범일,김제형,최일순,한동원,유인혜,김시우,선율우,이재경,안세진,홍달표,박시현,문헌주,김흥태",20198429,2,1,1,311754,263558,126292,287.25523232855073,248.40527803958528,160.58928247048138,A,10054496
71.0,프레디의 피자가게,2023-11-15,6960971006.0,0.003,6960971006.0,712361.0,712361.0,1041.0,35047.0,미국,미국,유니버설픽쳐스인터내셔널 코리아(유),유니버설픽쳐스인터내셔널 코리아(유),12세이상관람가,"공포(호러),스릴러",엠마 타미,"조쉬 허처슨,엘리자베스 라일,캣 코너 스털링,파이퍼 루비오,메리 스튜어트 매스터슨,매튜 릴라드",20235030,1,1,2,374278,201683,81796,425.3849650917357,321.4437613843351,191.88069705093835,B,20391648
72.0,리바운드,2023-04-05,6708546948.0,0.003,6708546948.0,699723.0,699723.0,1154.0,56701.0,한국,한국,"(주)비에이엔터테인먼트,워크하우스컴퍼니(주)",(주)바른손이앤에이,12세이상관람가,드라마,장항준,"홍성우,나현우,김영훈,배진완,안재홍,이신영,정진운,정건주,김민,안지호,이준혁,김회진,김수진,강애심,민무제,최정윤,배성일,강신철,유인혜,송창규,이상원,이태영,백도겸,오현수,서자영,정서인,전영,윤인조,김용현,조준기,양한열,송예슬,김희상,변진수,유순웅,박경관,장준혁,정승원,김정한,이진혁,박시환,이남우,김방선,이형석,이은주,김종은,노경,유인혁,정윤호,한주희,백재민,이순원,성도현,정대경,이준서,김서원,김병준,조윤담,현진호,이진한,안정빈,한대훈,박건우,장현성,박상면,박재민",20226489,2,2,3,333478,171459,112481,307.5959942021347,243.3028583012366,174.31193269869382,D,10060606
73.0,더 마블스,2023-11-08,6841156465.0,0.003,6841156465.0,690814.0,690814.0,1532.0,66818.0,미국,미국,,월트디즈니컴퍼니코리아 유한책임회사,12세이상관람가,"액션,SF",니아 다코스타,"브리 라슨,테요나 패리스,이만 벨라니,자웨 애쉬튼,사무엘 L. 잭슨,박서준",20235034,1,1,3,495805,155898,32201,346.9594121763471,171.99148936170212,73.47033898305085,A,20377406
74.0,귀공자,2023-06-21,6704211465.0,0.003,6704211465.0,682856.0,682856.0,966.0,44887.0,한국,한국,"(주)영화사 금월,(주)스튜디오앤뉴",(주)넥스트엔터테인먼트월드(NEW),청소년관람불가,액션,박훈정,"정예지,김선호,강태주,김강우,고아라,손정아",20211937,3,3,5,412186,188945,72237,453.87792984112,274.11709844559584,131.71633237822348,A,10029578
75.0,유령,2023-01-18,6760765879.0,0.003,6760765879.0,664146.0,664146.0,1099.0,46961.0,한국,한국,더램프(주),(주)씨제이이엔엠,15세이상관람가,"드라마,액션",이해영,"설경구,이하늬,박소담,박해수,서현우,김동희,김중희,고인범,조하석,서진원,유경훈,박상훈,김명선,한우열,윤정섭,손경표,김영택,김형서,박가영,금새록,공대유,김혜옥,김종수,이솜,이주영",20214823,2,4,5,414286,138668,71498,423.3579562043796,195.1892217977076,121.06579583938075,A,20384984
76.0,인어공주,2023-05-24,6668613190.0,0.003,6668613190.0,647706.0,647706.0,1364.0,37592.0,미국,미국,,월트디즈니컴퍼니코리아 유한책임회사,전체관람가,"뮤지컬,가족,판타지,멜로/로맨스",롭 마샬,"멜리사 맥카시,하비에르 바르뎀,아콰피나",20231839,2,3,5,473534,128889,32531,364.0169119262025,236.99054373522452,157.91747572815535,A,10018173
77.0,플래시,2023-06-14,6735756989.0,0.003,6735756989.0,635269.0,635269.0,1258.0,43343.0,미국,미국,,워너브러더스 코리아(주),12세이상관람가,액션,안드레스 무시에티,"에즈라 밀러,마이클 키튼",20231971,2,3,5,479453,123033,27402,396.3357345299953,194.84864253393664,126.4429795649308,A,20156577
79.0,압꾸정,2022-11-30,5727172661.0,0.002,5727172661.0,608639.0,608639.0,1229.0,47410.0,한국,한국,"주식회사 빅펀치픽쳐스,(주)홍필름,(주)비에이엔터테인먼트",(주)쇼박스,12세이상관람가,"코미디,드라마",임진순,"마동석,도희원,정경호,오나라,최병모,오연서,류승수,임형준,나광훈,길해연,차우진,김찬형,한보름,김서연,남미정,박지훈,장명진,조용근,정지소,진선규,김숙,오희준,이재성,송진희,최형욱,김영미",20205106,2,2,3,413229,172740,18009,373.14280185758525,215.2331790672837,152.9890776699029,A,10058831
80.0,바비,2023-07-19,5760348243.0,0.002,5760348243.0,586371.0,586371.0,780.0,27733.0,미국,미국,,워너브러더스 코리아(주),12세이상관람가,기타,그레타 거윅,"마고 로비,라이언 고슬링,아메리카 페레라,케이트 맥키넌,잇사 레이,두아 리파,시무 리우",20232740,3,4,5,309036,158324,63471,413.6237093690249,297.20246714936985,287.9436163318211,A,10002879
82.0,남은 인생 10년,2023-05-24,5676689089.0,0.002,5676689089.0,558330.0,558330.0,529.0,31046.0,일본,일본,,"(주)바이포엠스튜디오,(주)디스테이션",12세이상관람가,멜로/로맨스,후지이 미치히토,"고마츠 나나,사카구치 켄타로,쿠로키 하루,마츠시게 유타카,릴리 프랭키",20231677,4,4,9,63561,37743,15859,419.7424528301887,413.46009389671366,205.19963031423288,C,10046476
83.0,괴물,2023-11-29,5284514148.0,0.002,5284514148.0,536281.0,536281.0,647.0,30884.0,일본,일본,,(주)넥스트엔터테인먼트월드(NEW),12세이상관람가,"드라마,미스터리",고레에다 히로카즈,"안도 사쿠라,다나카 유코,나가야마 에이타,쿠로카와 소야,히이라기 히나타",20234114,3,3,4,143728,77670,85430,232.35473441108545,201.89008540660973,211.7599150141644,A,20070799
85.0,3일의 휴가,2023-12-06,4945528917.0,0.002,4945528917.0,527989.0,527989.0,863.0,32779.0,한국,한국,글뫼 주식회사,(주)쇼박스,12세이상관람가,"판타지,드라마",육상효,"김해숙,신민아,강기영,황보라,박명훈",20190324,2,2,2,268195,197045,31481,340.0407534866872,241.4767156862745,178.7242497972425,A,10054185
86.0,더 문,2023-08-02,5207712778.0,0.002,5207712778.0,516556.0,516556.0,1187.0,30181.0,한국,한국,"씨제이이엔엠 스튜디오스 주식회사,블라드스튜디오",(주)씨제이이엔엠,12세이상관람가,"SF,액션,드라마",김용화,"설경구,도경수,김희애,박병은,조한철,최병모,홍승희,최형욱,이성민,김래원,이이경,최정우,백승철,한수현,전신환,이상원,염지영,정윤하,심영은,박충환,백승현,조승연,이윤재,최대성,강내균,강민재,강준석,김기태,김도형,김시국,김예은,김진태,김희성,박인국,여이레,이나현,임소현,장은서,차영주,채하니,최필상,허중회,순정,황재운,황재훈,김혜원,김상호,김난영,김준범,한승엽,정지우,최혜진,신서우,이지유,박현준,김상욱,백수진,장은서,전성아,홍성오,황인성",20218935,3,4,14,412257,86485,8510,427.3358507330077,172.18287827076225,107.72151898734175,A,10005151
87.0,고질라 X 콩: 뉴 엠파이어,2024-03-27,5110301281.0,0.002,5110301281.0,510292.0,510292.0,995.0,37754.0,미국,미국,,워너브러더스 코리아(주),12세이상관람가,"액션,어드벤처,SF",아담 윈가드,"댄 스티븐스,레베카 홀,브라이언 타이리 헨리",20248496,3,3,6,349938,111946,32760,388.265335235378,165.2862265344864,105.38602941176472,A,20173209
91.0,동감,2022-11-16,4755257700.0,0.002,4755257700.0,490145.0,490145.0,1013.0,37451.0,한국,한국,(주)고고스튜디오,씨제이 씨지브이(CJ CGV)(주),12세이상관람가,멜로/로맨스,서은영,"신기환,여진구,조이현,김혜윤,나인우,배인혁,노재원,남민우,신주협,여주하,임유빈,김보윤,김수혁,박지안,이지연,하동준,문창준,강동진,전윤혁,이기욱,박정환,차현주,장원석,고국희,채승우,박대영,이동현,한명환,김다영,박종희,장윤,신기환,최광균,이석엽,지성준,전준수,김시현,백길찬,김기태,이호윤,박찬혁,오승희,신기한,김용진,송우림,구금비,오상의,박준호,조태호,이주예,송채연,류인아,이지혜,이수민,윤상영,양은솔,유재명,박하선",20224598,3,3,4,341577,117610,24955,357.9935619104656,180.58126782189075,143.30188679245282,A,20168380
92.0,소년들,2023-11-01,4470423586.0,0.002,4470423586.0,471425.0,471425.0,1042.0,43356.0,한국,한국,"(주)아우라픽처스,(주)씨제이이엔엠",(주)씨제이이엔엠,15세이상관람가,"드라마,범죄",정지영,"설경구,유준상,진경,허성태,염혜란,김동영,김시운,유수빈,조현도,김도엽,서인국,배유람,하도권,이호철,윤병희,이가경,조유하,정원중,박철민,박희진,한수연,이정현,이요섭,정예진,이예원,윤설,서예화,노진원,노진원,조진웅,박소이,박원상,이광연,윤진영,김재록,주부진,조정환,하정민,정형기,이서환,이승훈,이도군,리우진",20200622,2,2,3,286925,117419,57752,289.82323232323233,168.4979499794998,103.73723376956634,A,10062253
93.0,늑대사냥,2022-09-21,4769650393.0,0.002,4769650393.0,458720.0,458720.0,1226.0,39242.0,한국,한국,"(주)콘텐츠지,(주)영화사채움","TCO(주)더콘텐츠온,씨제이 씨지브이(CJ CGV)(주)",청소년관람불가,"액션,범죄",김홍선,"김세중,서인국,장동윤,최귀화,성동일,박호산,정소민,고창석,장영남,손종학,이성욱,홍지윤,정문성,임주환,권오율,김문학,김찬형,정수교,심우성,정재훈,유현수,김기창,엄준기,박봉준,신성민,강신철,이승훈,박민석,안지혜,강정우,김대한,김진만,조성구,윤기창,김철윤,송지혁,손현준,양승호,전우재,김해준,지남혁,김성령,정원영,장재호,김민철,이종윤,조형래,김태준,서석규,윤돈선,최현준,김원중,이재호,조기태,박선준,정하준,서정우,황명환,구민혁,임지섭,이원행,최우빈,장솔,김재명,안현준,김선민,신동력,김현,차영주,김용훈,조연희,최상식,박승진,천재홍,유상재,장주완,강용규,황인환,이병호,이충식,이원행,최광휘,김대연,송원종,이혜미,이시안,이정우,한태양,김태윤,김민수,김정훈,정시훈,최영우,안현준,김한준,이성민,김현진,김바비,서정빈,백승익,송원종,김대근,안현준,최광휘,송지민,김민석,김도환,서정원,신승환,정성일,권율,권수현,이홍내,김강훈,전혜원,박성현",20211472,1,2,6,371025,70381,14752,320.6388888888889,156.80044557606624,71.02063273727649,A,20125826
97.0,타겟,2023-08-30,4003424694.0,0.002,4003424694.0,424916.0,424916.0,986.0,43332.0,한국,한국,(주)영화사피어나,플러스엠 엔터테인먼트,15세이상관람가,스릴러,박희곤,"신혜선,김성균,임성재,강태오,임철수,이주영,금새록,노영학,김광현,조용준,최재섭,신승용,강내균,정우영,변진수,김원식,서덕인,송우림,정다온,박준희,김최용준,정재헌,민정기,신경석,이규섭,이연빈,박범수,전영,유정호,권구남,이민영,민채연,이은주,이서윤,유인서,오가빈,이혜준,김다한,지다연,최명빈,한이원,이육헌",20233014,2,2,5,301639,89636,27790,326.0962162162162,123.36846244593,65.1037483266399,A,10029586
98.0,스위치,2023-01-04,4015064694.0,0.002,4015064694.0,422417.0,422417.0,912.0,37589.0,한국,한국,(주)하이브미디어코프,롯데컬처웍스(주)롯데엔터테인먼트,12세이상관람가,기타,마대윤,"권상우,오정세,이민정,박소이,김준,김미경,김명선,이서환,차시원,성병숙,김승훈,윤대열,민태율,이가경,이세인,정형석,황병국,문정대,고기영,김용우,황사무엘,손석배,노경섭,이주한,백경선,김희정,이윤규,이현지,김진우,유재명,황승언,송영재,이지훈",20215315,5,5,6,261404,110478,41237,302.80125765348333,157.85793018983466,210.23962126729785,A,10021332
99.0,놉,2022-08-17,4710335135.0,0.002,4710335135.0,416048.0,416048.0,1031.0,31747.0,미국,미국,,유니버설픽쳐스인터내셔널 코리아(유),12세이상관람가,"미스터리,공포(호러)",조던 필,"다니엘 칼루야,키키 팰머,스티븐 연,마이클 윈콧,브랜든 페레아",20219345,3,3,6,292366,75284,35658,326.3533726678361,157.3568229322186,122.8980797636632,B,10086265
100.0,서치 2,2023-02-22,4084323024.0,0.002,4084323024.0,414598.0,414598.0,868.0,36910.0,미국,미국,,소니픽쳐스엔터테인먼트코리아주식회사극장배급지점,12세이상관람가,"미스터리,스릴러","니콜라스 D 존슨,윌 메릭","스톰 리드,켄 렁,다니엘 헤니,니아 롱",20239573,4,4,5,241144,124651,34048,286.24860098355094,202.21483198146,86.69916333212078,A,20387772
101.0,리멤버,2022-10-26,3970165717.0,0.002,3970165717.0,412836.0,412836.0,1189.0,51986.0,한국,한국,(주)영화사 월광,(주)에이스메이커무비웍스,15세이상관람가,드라마,이일형,"이성민,남주혁,박근형,정만식,윤제문,송영창,문창길,박병호,최민철,남문철,양현민,박세현,윤우,박서연,하도권,이승준,박민이,이서준,송유현,하영,김귀선,이창직,남민우,이우성,김우진,한사명,함희수,정순원,김훈만,정영섭,이재혁,조태일,박성현,공경배,황연희,설창희,권범택,남상지,윤기창,박진영,이지유,김율호,강충훈,권반석,구자건,정충구,김민체,배명진,윤세웅,백익남,최솔희,권민경,오유미,이승준,한창현,박충환,서동복,강춘성,배기림,김도경,전두현,김태웅,김성곤,한지호,반혜영,조현수,김해준,이우주,진범일,노희중,한명철,곽나연,백승환,김윤찬,이정철,최기상,김성하,박병관,송경아,박용복,황영수,강종성,김상동,김지현,채승혜,박혜영,정예서,이다정,서호준,김관수,문지현,홍인아,정상현,김홍파,김근영,정한빈",20198461,1,2,2,272554,111735,21909,237.62336530078463,123.36671924290224,55.206263498920094,B,10057103
103.0,인시디어스: 빨간 문,2023-07-19,4096944506.0,0.002,4096944506.0,401656.0,401656.0,758.0,18759.0,미국,미국,,소니픽쳐스엔터테인먼트코리아주식회사극장배급지점,15세이상관람가,공포(호러),패트릭 윌슨,"패트릭 윌슨,타이 심킨스",20232778,4,5,6,287127,90906,19324,395.6474409448819,195.61696895173685,161.80382775119614,A,10082678
104.0,싱글 인 서울,2023-11-29,3748657012.0,0.001,3748657012.0,400681.0,400681.0,917.0,32608.0,한국,한국,"(주)디씨지플러스,(주)명필름,(주)인사이트필름",롯데컬처웍스(주)롯데엔터테인먼트,12세이상관람가,"멜로/로맨스,코미디",박범수,"이동욱,임수정,이솜,장현성,김지영,이미도,이상이,지이수,조영진,손지나,박슬기,한종훈,강인기,윤계상,조달환,정우영,김미수,류혜린,박유밀,한사명,송훈,윤대열,임우철,홍성덕,윤혜리,조민국,이태형,황대기,안희주,장래군,박병우,방예인,설찬미,한동희,이한종,구시연,이동건,오준혁,황기석,김예지",20202247,2,2,5,263102,87273,37700,306.4925944416708,132.98019155420113,96.06843829632328,A,10028647
105.0,카운트,2023-02-22,3784714091.0,0.001,3784714091.0,398542.0,398542.0,946.0,37255.0,한국,한국,"(주)필름케이,(주)26컴퍼니",(주)씨제이이엔엠,12세이상관람가,드라마,권혁재,"진선규,김지창,성유빈,고창석,오나라,장동주,고규필,한태경,김욱인,이종화,최형태,추정훈,태인호,차순배,이준혁,이홍내,우정원,한철우,전승재,이일화,박성근,김한종,이윤희,전승재,임정민",20193706,2,3,6,273358,92080,19473,300.2520006276479,146.09247506799636,57.563766891891895,A,10002556
107.0,에브리씽 에브리웨어 올 앳 원스,2022-10-12,4090246749.0,0.002,4090246749.0,385617.0,385617.0,620.0,31001.0,미국,미국,,워터홀컴퍼니(주),15세이상관람가,"액션,코미디","다니엘 콴,다니엘 쉐이너트","양자경,스테파니 수,키 호이 콴,제이미 리 커티스",20226798,7,3,4,66821,59400,63581,115.1518956179222,161.78988326848244,178.59831460674158,C,20245330
108.0,상견니,2023-01-25,3817249538.0,0.001,3817249538.0,384476.0,384476.0,699.0,34290.0,대만,대만,,"오드,리바이브콘텐츠 주식회사,씨제이 씨지브이(CJ CGV)(주)",15세이상관람가,"드라마,판타지,멜로/로맨스",황천인,"가가연,허광한,시백우",20229551,3,4,5,170712,84901,53946,260.79965080750765,155.13103628295482,137.517115804807,A,20377598
110.0,도그데이즈,2024-02-07,3574759608.0,0.001,3574759608.0,368095.0,368095.0,847.0,27553.0,한국,한국,(주)씨제이이엔엠,(주)씨제이이엔엠,12세이상관람가,드라마,김덕민,"윤여정,유해진,김윤진,정성화,김서형,다니엘 헤니,이현우,탕준상,윤채나,김고은",20212668,4,4,6,279084,74207,12965,350.92293874618287,114.36569793042712,73.60502838605028,A,10003880
111.0,더 넌 2,2023-09-27,3754295273.0,0.001,3754295273.0,360743.0,360743.0,720.0,20965.0,미국,미국,,워너브러더스 코리아(주),15세이상관람가,공포(호러),마이클 차베즈,"타이사 파미가,보니 아론스,조나스 블로켓,안나 팝플웰",20234281,3,5,5,262489,63317,28187,394.2121862261317,142.69768190598842,108.8901766004415,A,10073007
112.0,탄생,2022-11-30,3189107816.0,0.001,3189107816.0,356229.0,356229.0,690.0,20954.0,한국,한국,"민영화사,가톨릭문화원 ALMA ART","씨제이 씨지브이(CJ CGV)(주),(주)레드아이스 엔터테인먼트",12세이상관람가,드라마,박흥식,"윤시윤,안성기,윤경호,이문식,이호원,이경영,신정근,송지연,하경,김광규,임현수,김승훈,박지훈,성혁,백지원,최무성,차청화,남다름,이준혁,강말금,김강우,정유미,강덕중,송길호,정준환,송훈,한창현,이문빈,고봉구,김동현,이승훈,조재룡,최윤우,한바다,김용태,이경훈,최로운,최민주,김형도,김나운,나기수,강두,박주연,장민영,김여준,공현지,이용이,김대종,이호영,이용헌,오현진,김성수,김재훈,신성용,고해성,전운종,김기현,김주헌,장용원,황수진,양정인,윤지애",20210364,5,3,4,144351,121338,44527,235.8676470588236,198.728591483388,209.75033647375503,A,20110995
113.0,소풍,2024-02-07,3109931943.0,0.001,3109931943.0,349974.0,349974.0,729.0,24453.0,한국,한국,(주)로케트필름,롯데컬처웍스(주)롯데엔터테인먼트,12세이상관람가,드라마,김용균,"나문희,김영옥,박근형,류승수,이항나,공상아,임지규,최선자,이용이,한태일,곽자형,정혜자,나호숙,차희,신예서,엄주연,이주미,황효은,나은미,허종오,장재용,조형우,성병숙",20231415,3,5,5,187360,79611,42406,268.8091822094692,129.2686151704941,134.5002265518804,A,10005097
116.0,웅남이,2023-03-22,2868959071.0,0.001,2868959071.0,314241.0,314241.0,829.0,36060.0,한국,한국,(주)영화사김치,씨제이 씨지브이(CJ CGV)(주),15세이상관람가,"코미디,액션",박성광,"박성웅,최민수,오달수,염혜란,윤제문,이이경,백지혜,서동원,한다솔,정우성,안일권,김기천,변진수,최선자,양주호,곽민호,장덕출,김광식,김종구,노기홍,정규석,정기욱,고덕원,이서율,박강토,양동혁,오지영,설도희,김미성,이광훈,허진성,이성하,정현옥,전지학,유병선,김인석,이얀,하회정,한상경,전재현,강준규,김대근,곽기훈,문웅기,류한종,이민교,양해준,박건주,소계원,장두경,송인준,인선호,문기환,정우철,장효준,정유동,노일환,홍기주,서현우",20210544,2,2,4,198258,78856,24503,258.4850065189048,129.09073900841906,71.76610878661087,A,20127900
117.0,거미집,2023-09-27,3003379576.0,0.001,3003379576.0,313686.0,313686.0,1058.0,27130.0,한국,한국,앤솔로지스튜디오(주),(주)바른손이앤에이,15세이상관람가,"코미디,드라마",김지운,"송강호,임수정,오정세,전여빈,정수정,박정수,장영남,정우성,엄태구,염혜란,김민재,김동영,김재건,장광,정인기,장남열,정기섭,김중희,김문학,조승구,이혜아,김홍국,이선우,조지승,조윤담,한서울,유민주,노아림,정미형,남지우,허영진,채하니",20223896,4,7,6,265637,35101,10275,307.5010749131801,68.51840490797545,47.60092653871608,D,10005852
121.0,용감한 시민,2023-10-25,2448332472.0,0.001,2448332472.0,267371.0,267371.0,887.0,30454.0,한국,한국,"스튜디오엔(주),볼미디어(주)",(주)마인드마크,15세이상관람가,"액션,드라마",박진표,"신혜선,이준영,박정우,박혁권,차청화,손숙,이중옥,이찬형,동효희,남정우,장혜조,김경룡,김소희,김정호,김혜화,김동혁,이필라,하경민,이주미",20224517,2,3,5,202133,52147,9104,242.73992108423403,87.93760539629005,45.61775232641375,D,10029363
122.0,화란,2023-10-11,2515803090.0,0.001,2515803090.0,264050.0,264050.0,976.0,35554.0,한국,한국,(주)사나이픽처스,플러스엠 엔터테인먼트,15세이상관람가,드라마,김창훈,"홍사빈,송중기,김형서,정재광,유성주,박보경,김종수,서동갑,홍서백,정만식,김홍파,표동준,정용주,이종욱,박수영,유수정,노승우,서문호,이재한,강희제,이관민,조승연,김진우,김문학,박인규",20227626,2,2,6,188757,58924,8305,201.3868312757201,88.66466036113499,45.38251366120219,A,20198226
123.0,크리에이터,2023-10-03,2775280272.0,0.001,2775280272.0,262823.0,262823.0,878.0,25149.0,미국,미국,,월트디즈니컴퍼니코리아 유한책임회사,12세이상관람가,"SF,액션",가렛 에드워즈,"존 데이비드 워싱턴,젬마 찬",20233879,3,4,7,216084,34887,9185,263.74681778552747,71.48975409836065,58.77056672760512,A,10021168
125.0,옥수역귀신,2023-04-19,2744049700.0,0.001,2744049700.0,256520.0,256520.0,314.0,13683.0,한국,"한국,일본",(주)영화사조아,(주)스마일이엔티,15세이상관람가,"공포(호러),미스터리",정용기,"김보라,서제광,김재현,신소율,김강일,김수진,김광현,김나윤,김은민,유채련,한희택,조연호,진대연,이종성,엄채윤,박노아,이수아,박세정,한여름,최호영,강지혜,현명한,소계원,김종원,이채훈,김수현,홍성민,황지후,김구택,장준휘,박재한,이원희",20225865,3,4,5,93135,77639,58501,328.601310483871,304.1259093452714,319.17926734216684,B,10062006
127.0,아임 히어로 더 파이널,2023-03-01,6059713000.0,0.002,6059713000.0,250702.0,250702.0,146.0,8897.0,한국,한국,씨제이포디플렉스 주식회사,"씨제이포디플렉스 주식회사,CGV ICECON",전체관람가,"공연,다큐멘터리",오윤동,임영웅,20230495,4,4,5,152974,38765,24591,1129.5548523206753,526.9029126213593,462.7338709677419,A,20203375
130.0,데드맨,2024-02-07,2272468704.0,0.001,2272468704.0,238235.0,238235.0,800.0,19490.0,한국,한국,"(주)팔레트픽처스,(주)사람엔터테인먼트",플러스엠 엔터테인먼트,15세이상관람가,범죄,하준원,"조진웅,김희애,이수경,권영주",20211477,2,6,8,208248,28056,1860,278.8324407039021,58.659498207885306,37.2,A,10087266
131.0,소울메이트,2023-03-15,2268860069.0,0.001,2268860069.0,234885.0,234885.0,749.0,28271.0,한국,한국,"클라이맥스 스튜디오(주),(주)앤드마크,(주)스튜디오앤뉴,(주)키이스트",(주)넥스트엔터테인먼트월드(NEW),12세이상관람가,드라마,민용근,"김다미,전소니,변우석,장혜진,박충선,허지나,류지안,강말금,현봉식,이현균,오민애,정수지,김정현,박지연,박진수,이석형,박경은,임영주,조대희,어성욱,김동인,안현정,박정환,임정균,리우진,김나윤,채윤희,조수연,김미소,김남규,이종훈,곽진석,우정환,황우상,이광호,신치영,최교식,이강진,김기정,나규비,김환영,황자능,이정철,석예린,이류경,원서영,황지선,오채은,강민지,김동원,박성연,김새벽,이유진,김경애,박찬우",20197654,2,3,6,133713,60181,30392,191.80143442622952,114.1954459203036,91.2281303602058,A,10027834
133.0,메간,2023-01-25,2331686898.0,0.001,2331686898.0,230874.0,230874.0,704.0,21067.0,미국,미국,,유니버설픽쳐스인터내셔널 코리아(유),15세이상관람가,"공포(호러),스릴러,코미디",제라드 존스톤,"앨리슨 윌리암스,바이올렛 맥그로우",20229205,5,7,8,142570,64794,18906,228.4252689402609,122.58324324324325,76.98778359511344,B,20189688
135.0,나폴레옹,2023-12-06,2261510673.0,0.001,2261510673.0,227978.0,227978.0,822.0,18114.0,미국,미국,,소니픽쳐스엔터테인먼트코리아주식회사극장배급지점,15세이상관람가,"전쟁,드라마",리들리 스콧,"호아킨 피닉스,바네사 커비",20235098,3,3,5,162570,56314,3622,211.4829957257016,110.63654223968564,158.4625,A,10019469
136.0,젠틀맨,2022-12-28,2117151503.0,0.001,2117151503.0,224718.0,224718.0,751.0,16008.0,한국,한국,"(주)트릭스터,주식회사 에이치앤드엔터테인먼트",플러스엠 엔터테인먼트,15세이상관람가,범죄,김경원,"정혜자,주지훈,박성웅,최성은,강홍석,이달,박혜은,권한솔,이서환,박지훈,표영서,장천,임성재,이현균,한사명,곽민규,김난희,송광주,김귀선,한으뜸,오아연,한동희,김은민,최희진,김승비,이화정,이훈경,마웅규,최창욱,송방호,이윤재,임종화,홍석빈,조석인,배성일,박형준,이용석,김연진,서태왕,나경철,안예은,유병선,여성환",20210140,3,4,10,198784,17634,2957,281.05190870531203,93.86920152091253,58.47175141242938,A,20215486
138.0,스턴트맨,2024-05-01,2179224982.0,0.001,2179224982.0,214121.0,214121.0,801.0,17025.0,미국,미국,,유니버설픽쳐스인터내셔널 코리아(유),15세이상관람가,"액션,코미디,멜로/로맨스",데이빗 레이치,"라이언 고슬링,에밀리 블런트,애론 테일러 존슨,윈스턴 듀크,스테파니 수,테레사 팔머",20235613,3,2,5,180840,27680,5036,240.9822958309537,69.22472311539838,102.17971014492754,B,10011719
139.0,바빌론,2023-02-01,2150176805.0,0.001,2150176805.0,213635.0,213635.0,852.0,21533.0,미국,미국,,롯데컬처웍스(주)롯데엔터테인먼트,청소년관람불가,드라마,데이미언 셔젤,"브래드 피트,마고 로비,디에고 칼바,진 스마트,조반 아데포,리 준 리,토비 맥과이어",20227374,4,4,7,114653,56556,20030,143.7268982808023,117.78994346920555,101.6751269035533,A,10009698
143.0,멍뭉이,2023-03-01,1832643386.0,0.001,1832643386.0,196529.0,196529.0,649.0,15443.0,한국,한국,"(주)와이웍스엔터테인먼트,(주)돈키호테엔터테인먼트",(주)키다리스튜디오,전체관람가,드라마,김주환,"유연석,차태현",20227684,5,7,8,117635,34201,12587,206.68800200803213,91.37671755725192,92.06792058516196,B,20112387
144.0,킬링 로맨스,2023-04-14,1833415642.0,0.001,1833415642.0,191650.0,191650.0,998.0,26101.0,한국,한국,"(주)영화사 이창,쇼트케이크(주)",롯데컬처웍스(주)롯데엔터테인먼트,15세이상관람가,코미디,이원석,"이상진,이하늬,이선균,공명,배유람,심달기,최준규,신민재,주광현,강학수,서정식,김영현,황대기,윤세웅,최종윤,정윤하,이서이,김준,김원진,한상철,이은주,김상욱,김상욱,오윤수,조현진,심우성,홍기주,원진호,최민국,최민국,신용식,안정호,한지호,조청원,김재호,박상원,이순성,권정우,손수호,이유진,이주성,송지훈,송태완,조애리,이도영,정동현,손주영,유요한,손선아,곽정길,정지민,김윤숙,김춘기,곽장륜,진범일,조승원,차유주,박은철,정경천,임현정,모일영,진성현,한성관,임유진,심달기,최덕문,오정세",20200154,3,5,9,100751,58076,21471,122.05901696088613,123.3036093418259,186.2416356877324,A,20128390
146.0,헝거게임: 노래하는 새와 뱀의 발라드,2023-11-15,1811452126.0,0.001,1811452126.0,185507.0,185507.0,986.0,19755.0,미국,미국,,(주)누리픽쳐스,15세이상관람가,"액션,어드벤처,SF,스릴러",프란시스 로렌스,"레이첼 지글러,톰 블라이스,헌터 샤퍼,비올라 데이비스,피터 딘클리지,제이슨 슈왈츠먼",20234797,2,2,4,143030,32081,7267,159.96325291580126,89.07854026180085,164.62459546925564,D,10084230
147.0,오멘: 저주의 시작,2024-04-03,1859296182.0,0.001,1859296182.0,180695.0,180695.0,644.0,16507.0,미국,미국,,월트디즈니컴퍼니코리아 유한책임회사,15세이상관람가,공포(호러),아르카샤 스티븐슨,"넬 타이거 프리,타우픽 바롬,소냐 브라가,랄프 이네슨,빌 나이",20247673,4,3,6,101948,50742,24403,166.6984349451063,129.0207046857973,68.65795819935691,A,20394309
148.0,오펀: 천사의 탄생,2022-10-12,1808746476.0,0.001,1808746476.0,177880.0,177880.0,707.0,20180.0,미국,미국,,메가박스중앙(주),15세이상관람가,"공포(호러),스릴러",윌리엄 브렌트 벨,"이사벨 퍼만,줄리아 스타일즈,로지프 서덜랜드",20227304,3,5,7,115028,46562,12160,176.77189901207467,98.88774271844662,77.31153496821072,A,10053163
151.0,플라워 킬링 문,2023-10-19,1588789082.0,0.001,1588789082.0,167914.0,167914.0,719.0,14605.0,미국,미국,,롯데컬처웍스(주)롯데엔터테인먼트,청소년관람불가,"범죄,드라마",마틴 스코세이지,"레오나르도 디카프리오,로버트 드 니로",20232894,2,4,9,95306,41683,19059,156.20276281901195,108.95481702763256,74.74117647058823,A,10024735
153.0,마루이 비디오,2023-02-22,1705521500.0,0.001,1705521500.0,165892.0,165892.0,284.0,8962.0,한국,한국,"(주)발포플랜,(주)브라더픽처스","씨제이 씨지브이(CJ CGV)(주),(주)케이티알파",15세이상관람가,"미스터리,공포(호러)",윤준형,"서현우,조민경,임한성,안현빈,안민영,장세원,김승비,이옥봉,이익수,김학준,김우진,윤효진,황연희,나종기,김진혁,박은홍,서성광,이새로미,곽민준,황기석,허종오,이정철,황대중,안재만,김종대,백인우,강민지",20202026,5,5,12,121557,34421,6824,499.3538732394366,173.59293948126802,71.83157894736843,A,10054518
155.0,가여운 것들,2024-03-06,1561295765.0,0.001,1561295765.0,156105.0,156105.0,471.0,12023.0,미국,미국,,월트디즈니컴퍼니코리아 유한책임회사,청소년관람불가,"드라마,코미디,멜로/로맨스",요르고스 란티모스,"엠마 스톤,마크 러팔로,윌렘 데포",20236732,3,3,4,79102,36979,23325,179.54409857328145,122.67914691943128,92.71720613287906,A,10065698
159.0,아가일,2024-02-07,1442627957.0,0.001,1442627957.0,140533.0,140533.0,841.0,15934.0,미국,미국,,유니버설픽쳐스인터내셔널 코리아(유),12세이상관람가,"액션,코미디",매튜 본,"헨리 카빌,브라이스 달라스 하워드,샘 록웰,브라이언 크랜스톤,캐서린 오하라,두아 리파,아리아나 데보스,존 시나,사무엘 L. 잭슨",20234581,5,7,10,117426,21374,1639,153.0407745298827,54.66496163682864,49.66666666666666,B,10025167
161.0,보호자,2023-08-15,1238586700.0,0.0,1238586700.0,128487.0,128487.0,685.0,10996.0,한국,한국,(주)영화사테이크,(주)에이스메이커무비웍스,15세이상관람가,"액션,드라마",정우성,"정우성,김남길,김준한,박성웅,박유나,이엘리야,류지안,박성준,문성환,김주헌,박성근,김문학,박용,이은경,이효비,최수임,김준현,길창규,나종민,허승,김윤도,임준혁,이한결,오경택,이재성,송지우,신윤주,이가연,이세인,이하은,김서빈,이수민,김하나,권은성,최낙권,한대훈,배향,선우,강신하,이두석,민상우,박진영,김윤정",20192995,7,6,7,107775,17132,1577,174.55460434983803,57.21564885496183,30.57894736842105,B,10062025
162.0,길위에 김대중,2024-01-10,1217366609.0,0.0,1217366609.0,127903.0,127903.0,414.0,9928.0,한국,한국,"(주)명필름,(주)시네마6411","(주)아이오케이컴퍼니,(주)명필름,(주)시네마6411",12세이상관람가,다큐멘터리,민환기,"김대중,김도영,김재록,서석규,김남희,장현성",20235353,6,7,8,65322,33270,14413,162.03189227498223,91.32941176470588,108.13612004287246,D,10027878
163.0,패스트 라이브즈,2024-03-06,1177210399.0,0.0,1177210399.0,126437.0,126437.0,613.0,15750.0,미국,미국,,(주)씨제이이엔엠,12세이상관람가,드라마,셀린 송,"그레타 리,유태오,존 마가로",20234789,4,4,7,67148,27133,16807,115.0920666013712,87.1243119266055,68.72021028037383,A,20391569
170.0,다음 소희,2023-02-08,1130701168.0,0.0,1130701168.0,118953.0,118953.0,562.0,11008.0,한국,한국,"트윈플러스파트너스(주),크랭크업필름(주)",트윈플러스파트너스(주),15세이상관람가,드라마,정주리,"김시은,배두나,박우영,이인영,박희은,김용준,심희섭,정수하,박현하,이윤지,조하민,박윤희,최희진,유정호,문정웅,박서경,김우겸,김태웅,송요셉,나종민,허정도,박수영,권다함,황정민,한혜지,엄옥란,유재연,이종민,박건주,김우영,이승영,유용희,민재원,안소정,나예은,추은경,정수하,문성렬,문정웅",20223565,9,8,7,48437,23369,17523,91.24300322927878,127.99921752738656,163.548,D,10062231
174.0,에브리씽 에브리웨어 올 앳 원스+,2023-03-01,1141910984.0,0.0,1141910984.0,111591.0,111591.0,234.0,8676.0,미국,미국,,워터홀컴퍼니(주),15세이상관람가,"액션,코미디","다니엘 콴,다니엘 쉐이너트","양자경,스테파니 수,키 호이 콴,제이미 리 커티스",20230340,10,11,10,26606,12011,30722,144.7101787101787,118.92079207920791,185.71157167530225,C,20245330
176.0,에어,2023-04-05,1063344581.0,0.0,1063344581.0,110310.0,110310.0,656.0,16487.0,미국,미국,,워너브러더스 코리아(주),15세이상관람가,드라마,벤 애플렉,"맷 데이먼,벤 애플렉,제이슨 베이트먼,마론 웨이언스,크리스 메시나,크리스 터커,비올라 데이비스",20231010,3,3,8,87424,16372,4902,141.52821461609622,59.01338825952626,175.96923076923076,A,10031156
178.0,블랙폰,2022-09-07,1085449042.0,0.0,1085449042.0,107715.0,107715.0,495.0,10809.0,미국,미국,,유니버설픽쳐스인터내셔널 코리아(유),15세이상관람가,공포(호러),스콧 데릭슨,"에단 호크,메이슨 테임즈,매들린 맥그로",20212709,3,4,9,86289,17953,1514,182.5946191051995,67.203743315508,83.44881889763779,B,10038217
179.0,스마일,2022-10-06,1124306658.0,0.0,1124306658.0,105651.0,105651.0,455.0,7659.0,미국,미국,,롯데컬처웍스(주)롯데엔터테인먼트,청소년관람불가,"미스터리,공포(호러)",파커 핀,"소지 베이컨,제시 어셔,카일 갈너,케이틀린 스테이시,칼 펜,롭 모건",20225729,5,11,10,68559,20523,12405,168.44963144963145,142.52083333333334,150.49393414211437,A,20383679
182.0,추락의 해부,2024-01-31,1015017749.0,0.0,1015017749.0,103251.0,103251.0,236.0,6116.0,프랑스,프랑스,,(주)스튜디오디에이치엘,15세이상관람가,"드라마,스릴러",쥐스틴 트리에,"산드라 휠러,스완 아를로,밀로 마차도 그라너",20234730,5,6,9,38111,21778,14025,166.5274656679151,194.1987261146497,128.50130890052355,D,10061160
183.0,뉴 노멀,2023-11-08,987958873.0,0.0,987958873.0,103037.0,103037.0,546.0,10934.0,한국,한국,언파스튜디오,(주)바이포엠스튜디오,15세이상관람가,"스릴러,드라마,코미디",정범식,"최지우,이유미,최민호,표지훈,하다인,정동원,이문식,이주실,이동규,황승언,김미화,이주우,류제윤,이현지",20225894,3,4,14,74944,24967,2515,148.4459535936616,90.60082944530843,54.84423676012462,D,10061758
184.0,비키퍼,2024-04-03,962290905.0,0.0,962290905.0,102969.0,102969.0,713.0,13022.0,미국,미국,,(주)바른손이앤에이,청소년관람불가,"액션,스릴러",데이비드 에이어,"제이슨 스타뎀,조쉬 허처슨,제레미 아이언스",20247780,3,7,13,83636,16347,2762,130.4773790951638,63.43070953436807,32.60370994940978,D,10011476
185.0,엘비스,2022-07-13,1098745318.0,0.0,1098745318.0,101522.0,101522.0,665.0,10094.0,미국,미국,,워너브러더스 코리아(주),15세이상관람가,드라마,바즈 루어만,"오스틴 버틀러,톰 행크스,올리비아 데종",20225175,5,5,10,69019,11289,6607,113.25199249882796,247.72100313479623,280.29696969696965,A,10028342
189.0,화사한 그녀,2023-10-11,888872900.0,0.0,888872900.0,96146.0,96146.0,414.0,12805.0,한국,한국,"(주)신영이엔씨,(주)제이앤씨미디어그룹","(주)제이앤씨미디어그룹,(주)스튜디오 산타클로스엔터테인먼트",12세이상관람가,코미디,이승준,"엄정화,송새벽,방민아,손병호,김재화,박호산,김성식,박진우,정영주,정인기,조한준,김형우,윤현식,김재용,박영웅,배준수,정윤서,김준범,김성환,서명찬,유정호,정진우,박수현,하성광,권재원,강채빈,하윤서,나현정,김태양,이동민,소계원,최문경,김시윤,윤옥길,나수윤,화영진,채길병,박성웅,박수영,박형준",20212667,3,5,11,68122,19596,7150,177.86422976501305,74.67174741426238,72.01438848920864,D,20128609
190.0,방탄소년단: 옛 투 컴 인 시네마,2023-02-01,2035659000.0,0.001,2035659000.0,92539.0,92539.0,120.0,6188.0,한국,한국,씨제이포디플렉스 주식회사,"씨제이포디플렉스 주식회사,씨제이 씨지브이(CJ CGV)(주)",전체관람가,공연,오윤동,"김남준,김석진,민윤기,정호석,박지민,김태형,전정국",20239691,2,10,19,65773,23717,3049,562.8496332518337,312.0657894736842,119.23463687150836,A,20203375
199.0,파벨만스,2023-03-22,819973157.0,0.0,819973157.0,81467.0,81467.0,450.0,8892.0,미국,미국,,(주)씨제이이엔엠,12세이상관람가,드라마,스티븐 스필버그,"미쉘 윌리엄스,폴 다노,세스 로건,가브리엘 라벨",20230767,6,4,8,42548,18674,9252,102.63128876636804,89.59424263193968,77.84134615384615,A,10039450
201.0,엑소시스트: 믿는 자,2023-10-18,828698635.0,0.0,828698635.0,80219.0,80219.0,630.0,10753.0,미국,미국,유니버설픽쳐스인터내셔널 코리아(유),유니버설픽쳐스인터내셔널 코리아(유),15세이상관람가,공포(호러),데이빗 고든 그린,"엘렌 버스틴,레슬리 오덤 주니어,앤 도드",20234853,3,9,16,67742,11961,499,119.83674500884509,59.004228329809735,34.93,B,10011631
202.0,챌린저스,2024-04-24,787794387.0,0.0,787794387.0,79821.0,79821.0,458.0,8309.0,미국,미국,,워너브러더스 코리아(주),15세이상관람가,"드라마,멜로/로맨스",루카 구아다니노,"젠데이아 콜먼,마이크 파이스트,조쉬 오코너",20249318,4,4,7,35455,19397,12842,80.65810854728632,158.99180327868854,101.80520951302378,A,10018860
205.0,샤잠! 신들의 분노,2023-03-15,830461274.0,0.0,830461274.0,78743.0,78743.0,799.0,14012.0,미국,미국,,워너브러더스 코리아(주),12세이상관람가,"액션,어드벤처",데이비드 F. 샌드버그,"제커리 리바이,애셔 앤젤,아담 브로디,잭 딜런 그레이저,그레이스 펄튼,로즈 버틀러,이안 첸,매건 굿,페이스 허만,D.J. 코드로나,조반 아만드,헬렌 미렌,루시 리우,레이첼 지글러,디몬 하운수",20230081,3,4,13,68861,9116,627,102.03789161727347,40.72239948947032,43.02941176470589,A,20235586
211.0,보 이즈 어프레이드,2023-07-05,685318130.0,0.0,685318130.0,68762.0,68762.0,312.0,4589.0,미국,미국,,(주)스튜디오디에이치엘,청소년관람불가,"어드벤처,공포(호러)",아리 에스터,호아킨 피닉스,20231889,7,8,9,42755,14155,6063,140.4434537775692,163.77685950413223,139.15081967213115,D,10021926
216.0,쏘우 X,2023-12-13,680008885.0,0.0,680008885.0,65188.0,65188.0,571.0,7172.0,미국,미국,,"(주)올스타엔터테인먼트,(주)플레이그램",청소년관람불가,"공포(호러),스릴러",케빈 그루터트,"토빈 벨,쇼니 스미스",20235698,6,7,27,60005,1983,1908,114.98357514371747,210.3181818181818,150.06741573033707,C,10075411
219.0,익스펜더블 4,2023-10-18,606052589.0,0.0,606052589.0,63379.0,63379.0,634.0,10979.0,미국,미국,,"(주)올스타엔터테인먼트,(주)플레이그램",청소년관람불가,액션,스캇 워프,"제이슨 스타뎀,실베스터 스탤론,메간 폭스,50 센트,토니 자,돌프 룬드그렌,이코 우웨이스,랜디 커투어,앤디 가르시아",20234213,2,7,15,57231,5229,305,96.79077071756464,35.43368828654404,31.397058823529413,C,20126696
220.0,본즈 앤 올,2022-11-30,659874147.0,0.0,659874147.0,62773.0,62773.0,356.0,6450.0,미국,미국,,워너브러더스 코리아(주),청소년관람불가,"공포(호러),멜로/로맨스",루카 구아다니노,"테일러 러셀,티모시 샬라메,마크 라이런스,클로에 세비니",20228045,8,11,15,36734,12214,4107,111.94514584240312,85.498,160.60893854748602,A,10018860
222.0,신체모음.zip,2023-08-30,576492200.0,0.0,576492200.0,62287.0,62287.0,269.0,7490.0,한국,한국,"(주)싸이더스,주식회사 헤이데이프로덕션,무비파킹 주식회사","(주)스튜디오디에이치엘,(주)싸이더스",15세이상관람가,공포(호러),"최원경,전병덕,이광진,지삼,김장미,서형우","김민석,김채은,한상혁,강준규,김아현,조우리,정준원,이진희,구본진,리우림,구선민,이교형,김희상,권아름,김윤정,이주은,우유민,이유진,김금원,김현정,도연진,백현주,소희정,조지승,최형태,임성재,김현정",20233075,8,8,10,39715,13940,7811,164.2085056113408,80.91210613598673,64.70650887573964,B,20160047
223.0,시맨틱 에러: 더 무비,2022-08-31,692504700.0,0.0,692504700.0,62204.0,62204.0,57.0,1311.0,한국,한국,주식회사 왓챠,주식회사 왓챠,12세이상관람가,멜로/로맨스,김수정,"박서함,박재찬,송지오,김노진,김원기,최수견,차재훈,김건희,김진성,정준교,허이진,박준환,이진성,경수빈,신민선,한태희,기현우,손범서,한태경,우주명,이혜민,문해민,김정민,석유진,이정혁,조성진,정주원,송명호",20225892,7,11,11,31297,9212,8596,625.94,295.79816513761466,481.376,C,20384308
226.0,수라,2023-06-21,520744124.0,0.0,520744124.0,61573.0,61573.0,136.0,2351.0,한국,한국,"스튜디오두마,미디어나무(주)","스튜디오두마,미디어나무(주),스튜디오 에이드",전체관람가,다큐멘터리,황윤,황윤,20227654,6,8,13,21721,5046,3498,202.19015957446803,121.38144329896907,164.33557046979865,D,20380214
229.0,티켓 투 파라다이스,2022-10-12,574492108.0,0.0,574492108.0,60171.0,60171.0,581.0,9663.0,미국,미국,,유니버설픽쳐스인터내셔널 코리아(유),12세이상관람가,"멜로/로맨스,코미디",올 파커,"줄리아 로버츠,조지 클루니,케이틀린 디버",20227338,6,8,11,49340,8120,1406,92.74436090225564,54.86486486486486,111.8409090909091,B,10051071
231.0,슬픔의 삼각형,2023-05-17,569632421.0,0.0,569632421.0,58509.0,58509.0,294.0,5309.0,미국,미국,,"그린나래미디어(주),(주)플레이그램,메가박스중앙(주)",15세이상관람가,"코미디,드라마",루벤 외스틀룬드,"우디 해럴슨,해리스 딕킨슨",20231029,5,9,12,29405,12320,6693,109.31226765799256,111.13402061855668,139.4375,A,10018399
234.0,더 웨일,2023-03-01,556416366.0,0.0,556416366.0,56591.0,56591.0,203.0,4807.0,미국,미국,,(주)스튜디오디에이치엘,15세이상관람가,드라마,대런 아로노프스키,브렌든 프레이저,20230523,14,10,12,26580,8997,9468,138.54058078927773,83.08575197889182,93.74257425742574,D,20112222
235.0,애스터로이드 시티,2023-06-28,557843047.0,0.0,557843047.0,56455.0,56455.0,269.0,4054.0,미국,미국,,유니버설픽쳐스인터내셔널 코리아(유),12세이상관람가,드라마,웨스 앤더슨,"제이슨 슈왈츠먼,스칼렛 요한슨,톰 행크스,제프리 라이트,틸다 스윈튼,브라이언 크랜스톤,에드워드 노튼,애드리언 브로디,리브 슈라이버,홉 데이비스",20231781,8,7,12,34076,10246,3980,133.48181309457192,118.74503311258276,161.04046242774567,B,10052685
236.0,바람 따라 만나리 : 김호중의 계절,2023-10-18,1259368000.0,0.0,1259368000.0,56056.0,56056.0,78.0,2768.0,한국,한국,씨제이포디플렉스 주식회사,"씨제이포디플렉스 주식회사,CGV ICECON",전체관람가,"공연,다큐멘터리",오윤동,김호중,20234663,6,10,19,29688,10703,9023,390.6315789473685,195.10677083333337,246.72265625,A,20203375
238.0,류이치 사카모토: 오퍼스,2023-12-27,527180447.0,0.0,527180447.0,55380.0,55380.0,251.0,4531.0,일본,일본,,"(주)엣나인필름,메가박스중앙(주)",전체관람가,"공연,다큐멘터리",소라 네오,사카모토 류이치,20236080,6,11,11,36084,8990,3902,159.3615141955836,70.39149888143176,67.94527363184079,A,20392682
244.0,사운드 오브 프리덤,2024-02-21,578652700.0,0.0,578652700.0,53312.0,53312.0,248.0,4797.0,미국,미국,,(주)넥스트엔터테인먼트월드(NEW),15세이상관람가,범죄,알레한드로 고메즈 몬테베르드,제임스 카비젤,20247219,6,7,6,35925,10775,5040,161.82432432432432,107.75,75.54603854389723,A,20113511
246.0,인생은 뷰티풀: 비타돌체,2022-09-07,1667323500.0,0.001,1667323500.0,52969.0,52969.0,107.0,1540.0,한국,한국,씨제이포디플렉스 주식회사,"씨제이 씨지브이(CJ CGV)(주),씨제이포디플렉스 주식회사",전체관람가,"다큐멘터리,공연","김선형,오윤동",김호중,20226879,6,9,7,26228,14436,11292,263.40889526542327,280.7,705.75,A,20385088
247.0,엔니오: 더 마에스트로,2023-07-05,492705957.0,0.0,492705957.0,52246.0,52246.0,67.0,2509.0,이탈리아,이탈리아,,"(주)영화사 진진,(주)씨네필운",12세이상관람가,다큐멘터리,쥬세페 토르나토레,"엔니오 모리꼬네,클린트 이스트우드,쿠엔틴 타란티노,존 윌리엄스,한스 짐머,왕가위,브루스 스프링스틴,퀸시 존스",20231923,12,13,15,12183,7198,7356,190.359375,220.99122807017545,219.1148936170213,C,10069068
253.0,고스트버스터즈: 오싹한 뉴욕,2024-04-17,466751403.0,0.0,466751403.0,50879.0,50879.0,671.0,9824.0,미국,미국,,소니픽쳐스엔터테인먼트코리아주식회사극장배급지점,12세이상관람가,"액션,어드벤처",길 키넌,"폴 러드,핀 울프하드,맥케나 그레이스,빌 머레이,댄 애크로이드,어니 허드슨",20248466,3,8,6,40075,2756,7992,72.88256690049363,49.21428571428572,178.16560509554145,A,10003372
259.0,사랑할 땐 누구나 최악이 된다,2022-08-25,487567867.0,0.0,487567867.0,48167.0,48167.0,80.0,3105.0,노르웨이,노르웨이,,"그린나래미디어(주),(주)하이스트레인저",15세이상관람가,"멜로/로맨스,드라마",요아킴 트리에,"레나테 레인스베,앤더스 다니엘슨 라이,헤르베르트 노르드룸",20225556,8,10,12,15705,9543,7424,271.4444444444445,140.6336842105263,167.09967845659162,C,10051807
263.0,악은 존재하지 않는다,2024-03-27,445460550.0,0.0,445460550.0,45271.0,45271.0,149.0,3458.0,일본,일본,,"그린나래미디어(주),(주)레드아이스 엔터테인먼트",12세이상관람가,드라마,하마구치 류스케,"오미카 히토시,니시카와 료,코사카 류지,시부타니 아야카",20235838,8,7,13,22132,8281,5626,163.24973656480503,86.64723467862483,109.09141274238227,C,20111755
264.0,랜드 오브 배드,2024-03-13,382151629.0,0.0,382151629.0,44642.0,44642.0,394.0,6774.0,미국,미국,,메가박스중앙(주),15세이상관람가,"액션,전쟁",윌리엄 유뱅크,"러셀 크로우,리암 헴스워스,루크 헴스워스,마일로 벤티밀리아",20247782,5,6,9,30598,12473,1376,81.40858988977577,53.238414634146345,36.90421455938697,A,10053217
265.0,더 와일드: 야수들의 전쟁,2023-11-15,384063300.0,0.0,384063300.0,44540.0,44540.0,239.0,5458.0,한국,한국,"(주)아센디오,(주)제이앤씨미디어그룹","TCO(주)더콘텐츠온,(주)제이앤씨미디어그룹,(주)아센디오",청소년관람불가,"액션,범죄",김봉한,"박성웅,오대환,오달수,주석태,서지혜,강현아,라윤",20217425,9,11,14,31407,10175,2929,141.29113110539845,66.50326797385621,61.20298507462688,C,10004369
271.0,애프터 양,2022-06-01,398366300.0,0.0,407868300.0,41184.0,42147.0,161.0,3368.0,미국,미국,,"(주)영화특별시에스엠씨,주식회사 왓챠",전체관람가,"드라마,SF",코고나다,콜린 파렐,20224468,7,7,8,16547,6668,4504,109.37582625118036,144.50773993808048,161.68205128205128,C,10007934
273.0,지오디 마스터피스 더 무비,2024-01-10,936338000.0,0.0,936338000.0,41021.0,41021.0,75.0,1940.0,한국,한국,,씨제이 씨지브이(CJ CGV)(주),전체관람가,공연,손석,"박준형,윤계상,데니 안/ 안신원,손호영,김태우",20236907,9,19,26,14604,9060,5472,217.04458598726112,195.7407407407408,165.8181818181818,A,20111906
274.0,너와 나,2023-10-25,379645293.0,0.0,379645293.0,39179.0,39179.0,76.0,2839.0,한국,한국,주식회사 필름영,"주식회사 필름영,그린나래미디어(주)",12세이상관람가,드라마,조현철,"박혜수,김시은",20228560,13,14,18,9661,4526,3758,138.2965235173824,100.89808917197456,122.35348837209304,C,20192386
276.0,오토라는 남자,2023-03-29,346425730.0,0.0,346425730.0,38785.0,38785.0,371.0,5894.0,미국,미국,,소니픽쳐스엔터테인먼트코리아주식회사극장배급지점,12세이상관람가,드라마,마크 포스터,톰 행크스,20230641,5,7,10,26541,9036,1807,77.99622166246851,59.89772727272727,79.05624999999999,A,10024440
278.0,씬,2024-04-03,356935735.0,0.0,356935735.0,38433.0,38433.0,409.0,4872.0,한국,한국,(주)도어이앤엠,롯데컬처웍스(주)롯데엔터테인먼트,15세이상관람가,공포(호러),한동석,"김윤혜,송이재,박지훈,이상아",20236230,10,8,19,31745,5315,1287,82.91604477611942,55.86336336336337,41.90232558139535,A,20112652
279.0,TAR 타르,2023-02-22,380936984.0,0.0,380936984.0,38090.0,38090.0,197.0,3173.0,미국,미국,,유니버설픽쳐스인터내셔널 코리아(유),15세이상관람가,드라마,토드 필드,"케이트 블란쳇,노에미 멜랑,니나 호스",20230007,8,12,15,20698,7648,4063,110.2633181126332,137.27179487179484,117.04115226337449,B,10080326
281.0,플레인,2023-03-15,345665658.0,0.0,345665658.0,37691.0,37691.0,358.0,5405.0,미국,미국,,(주)누리픽쳐스,15세이상관람가,"액션,스릴러",장-프랑소와 리셰,"제라드 버틀러,마이크 콜터",20230199,6,8,16,29500,7161,334,89.54900260190806,50.27783350050151,54.37209302325581,D,10059919
283.0,롱디,2023-05-10,308893500.0,0.0,308893500.0,36777.0,36777.0,262.0,4957.0,한국,한국,"트웰브져니(주),바젤레브스프로덕션",(주)넥스트엔터테인먼트월드(NEW),12세이상관람가,"멜로/로맨스,코미디",임재완,"장동윤,박유나,고건한,전혜연,권동호,이서윤,조영길,방상현,강문봉,조대우,송영하,유아영,이승재,최진영,이승창,정진근,장의수,이시우",20218656,7,9,16,30183,5878,636,126.89549549549548,53.22897800776196,29.879194630872483,A,20157995
285.0,골드핑거,2024-04-10,313980372.0,0.0,313980372.0,35359.0,35359.0,423.0,5721.0,홍콩,홍콩,,메가박스중앙(주),15세이상관람가,"범죄,액션",장문강,"양조위,유덕화,임달화",20247294,7,9,21,31295,3756,275,83.13662239089184,31.52517985611511,26.73611111111111,A,10060155
292.0,슈가│어거스트 디 투어 ‘디-데이’ 더 무비,2024-04-10,956481000.0,0.0,956481000.0,33604.0,33604.0,88.0,2632.0,한국,한국,(주)하이브,CGV ICECON,12세이상관람가,공연,박준수,민윤기,20248586,8,21,26,21311,9468,1029,267.82226211849195,208.41509433962264,56.2734375,A,20311772
293.0,메이 디셈버,2024-03-13,309148799.0,0.0,309148799.0,33530.0,33530.0,400.0,4652.0,미국,미국,,판씨네마(주),청소년관람불가,드라마,토드 헤인즈,"나탈리 포트만,줄리안 무어,찰스 멜튼",20247053,4,9,14,26428,4977,1390,78.32176121930567,43.93316519546028,58.26347305389221,B,10080333
297.0,썸머 필름을 타고!,2022-07-20,312069026.0,0.0,312069026.0,33011.0,33011.0,65.0,2408.0,일본,일본,,"(주)싸이더스,(주)블루라벨픽쳐스",전체관람가,기타,마츠모토 소우시,"이토 마리카,카네코 다이치,카와이 유미,이노리 키라라",20225293,7,12,12,13194,8730,3958,215.28671328671328,175.60344827586204,87.12578616352201,B,20383130
300.0,네가 떨어뜨린 푸른 하늘,2023-02-08,308030509.0,0.0,308030509.0,32116.0,32116.0,449.0,5370.0,일본,일본,,"메가박스중앙(주),(주)이놀미디어,(주)바이포엠스튜디오",12세이상관람가,"멜로/로맨스,SF",사이토 유키,"후쿠모토 리코,이타가키 미즈키",20229305,11,10,21,26375,3412,928,60.63218390804597,63.01846965699208,41.64102564102564,A,10034433
303.0,바튼 아카데미,2024-02-21,295171999.0,0.0,295171999.0,31366.0,31366.0,254.0,3144.0,미국,미국,,유니버설픽쳐스인터내셔널 코리아(유),15세이상관람가,"코미디,드라마",알렉산더 페인,폴 지아마티,20247063,9,10,13,19326,5960,2953,86.22179732313573,132.44444444444446,86.12916666666666,B,10044581
308.0,어른 김장하,2023-11-15,250744972.0,0.0,250744972.0,29918.0,29918.0,98.0,1694.0,한국,한국,MBC경남,(주)시네마달,전체관람가,다큐멘터리,김현지,김장하,20232077,19,16,18,11438,6531,2054,126.68670886075952,135.25739644970415,91.57961783439492,D,20394293
312.0,양자경의 더 모든 날 모든 순간,2022-11-23,312260359.0,0.0,312260359.0,29362.0,29362.0,63.0,2015.0,미국,미국,,워터홀컴퍼니(주),15세이상관람가,"액션,코미디","다니엘 콴,다니엘 쉐이너트","양자경,스테파니 수,키 호이 콴,제이미 리 커티스",20228631,7,9,22,12696,6919,4636,215.7087378640777,158.7967213114754,102.37223974763408,C,20245330
317.0,괴담만찬,2023-10-18,220853620.0,0.0,220853620.0,27389.0,27389.0,162.0,3697.0,한국,한국,"(주)스튜디오투유,(주)아이뉴컴퍼니","TCO(주)더콘텐츠온,(주)블루라벨픽쳐스,(주)대교 미디어콘텐츠사업본부",15세이상관람가,공포(호러),"안상훈,윤은경,김용균,임대웅,채여준","장승연,신은수,김호정,김태훈,조재윤,윤현민,장광,손지나,이주영,김주령",20231634,9,14,30,23250,3554,508,156.4903846153846,49.36111111111112,25.04225352112676,C,20111254
318.0,이니셰린의 밴시,2023-03-15,274718301.0,0.0,274718301.0,27260.0,27260.0,135.0,2708.0,미국,미국,,월트디즈니컴퍼니코리아 유한책임회사,15세이상관람가,"드라마,코미디",마틴 맥도나,"콜린 파렐,브렌단 글리슨,케리 콘든,배리 케오간",20230611,11,11,15,13737,5087,3224,105.4375,82.23787528868361,108.5,A,10024695
321.0,리빙: 어떤 인생,2023-12-13,245881918.0,0.0,245881918.0,26734.0,26734.0,50.0,1264.0,영국,영국,,(주)티캐스트,12세이상관람가,드라마,올리버 허머너스,"빌 나이,에이미 루 우드,알렉스 샤프,톰 버크",20235693,11,16,15,8682,5608,4642,197.9609120521173,203.39896373057,251.89147286821708,C,20392228
323.0,마이 샤이니 월드,2023-11-03,584927000.0,0.0,584927000.0,26481.0,26481.0,118.0,2396.0,한국,한국,"플러스엠 엔터테인먼트,(주)에스엠엔터테인먼트",메가박스중앙(주),전체관람가,"공연,다큐멘터리",이후빈,샤이니,20234722,9,25,46,13810,6494,2540,171.40070921985816,97.13247863247862,66.84210526315789,A,20153322
327.0,나의 올드 오크,2024-01-17,236338906.0,0.0,236338906.0,25741.0,25741.0,83.0,1828.0,아일랜드,아일랜드,,(주)영화사 진진,15세이상관람가,드라마,켄 로치,"데이브 터너,에블라 마리",20235925,11,14,20,12054,4859,3536,152.58227848101265,106.62382445141068,95.56756756756756,C,10075847
330.0,라이스보이 슬립스,2023-04-19,219844622.0,0.0,219844622.0,24864.0,24864.0,250.0,2890.0,캐나다,캐나다,,판씨네마(주),15세이상관람가,"가족,드라마",앤소니 심,"최승윤,이든 황,도현 노엘 황,앤소니 심,강인성",20227863,8,8,21,19377,2844,1016,87.79223300970875,57.87209302325581,48.054054054054056,B,20386010
331.0,3000년의 기다림,2023-01-04,235737015.0,0.0,235737015.0,24731.0,24731.0,176.0,2521.0,호주,호주,,(주)디스테이션,15세이상관람가,"멜로/로맨스,판타지,드라마",조지 밀러,"틸다 스윈튼,이드리스 엘바",20228652,9,8,14,14982,4578,2097,92.72679045092838,71.37193763919822,79.77717391304348,C,10067085
332.0,플로라 앤 썬,2023-09-22,182027800.0,0.0,182027800.0,24613.0,24613.0,120.0,2706.0,미국,미국,,씨제이 씨지브이(CJ CGV)(주),15세이상관람가,드라마,존 카니,"이브 휴슨,잭 레이너,조셉 고든 레빗",2023C685,6,18,13,18425,3533,2422,180.6372549019608,67.57103825136612,84.77,A,10068279
334.0,큐어,2022-07-06,256428969.0,0.0,266053969.0,24517.0,25573.0,55.0,1700.0,일본,일본,,M&M 인터내셔널,15세관람가,공포(호러),구로사와 기요시,"나카가와 안나,하기와라 마사토,야쿠쇼 코지",19978805,9,8,19,13798,4435,2626,264.6191780821917,113.3029197080292,93.30964467005076,C,10002115
335.0,고속도로 가족,2022-11-02,196637100.0,0.0,196637100.0,24502.0,24502.0,222.0,4177.0,한국,한국,"(주)영화사 설렘,(주)고고스튜디오",씨제이 씨지브이(CJ CGV)(주),15세이상관람가,드라마,이상문,"라미란,정일우,김슬기,백현진,서이수,박다온,이태경,손용범,이예준,손예원,최우영,박은영,이재우,장준학,권혁성,김범진,안민영,윤종구,허준석,김준희,류경환,정수교,최형주,김기림,이유리,이태건,김남호,옥수분,석호진,이헌일,차용환,김장호,이샘,허부영,장석문,최서니,이승용,안희주,이경호,천영암,문광식,정진혁,김규진,송승은,정진혁,김규진,서인영,김규진,박경도,이성민,황정민,이용녀,우지현",20211242,6,8,22,20749,2247,864,97.80673400673398,62.66533864541833,75.6,A,20186116
336.0,천룡팔부: 교봉전,2023-01-25,211184266.0,0.0,211184266.0,24394.0,24394.0,300.0,3441.0,홍콩,홍콩,,(주)팝엔터테인먼트,15세이상관람가,액션,견자단,"견자단,진옥기",20229518,10,10,23,16412,4445,1134,60.11721611721612,70.39592760180994,66.70588235294117,C,10001398
349.0,스트리머,2023-05-10,198703100.0,0.0,198703100.0,22111.0,22111.0,181.0,2720.0,한국,한국,"하이컨셉픽쳐스(주),(주)파이브데이","TCO(주)더콘텐츠온,(주)블루라벨픽쳐스",15세이상관람가,"공포(호러),미스터리",장형모,"이푸름,김모범,권민혁,김준형,심소영,이승희,김시운",20230943,12,16,13,14753,3477,2091,91.0679012345679,61.46212121212121,457.40625,C,10060632
1.0,닥터 스트레인지: 대혼돈의 멀티버스,2022-05-04,59767696750.0,0.221,59767696750.0,5617130.0,5617130.0,2691.0,197744.0,미국,미국,,월트디즈니컴퍼니코리아 유한책임회사,12세이상관람가,"액션,어드벤처,판타지",샘 레이미,"베네딕트 컴버배치,엘리자베스 올슨,베네딕트 웡,레이첼 맥아담스,치웨텔 에지오포,소치틀 고메즈",20212855,1,1,1,3813804,1243795,469921,1467.4120815698343,527.5107543168738,445.0611554593424,A,10034952
2.0,범죄도시2,2022-05-18,52644281070.0,0.193999999999999,52644281070.0,5118273.0,5118273.0,2498.0,130518.0,한국,한국,"주식회사 빅펀치픽쳐스,(주)홍필름,(주)비에이엔터테인먼트","주식회사 에이비오엔터테인먼트,플러스엠 엔터테인먼트",15세이상관람가,"범죄,액션",이상용,"마동석,손석구,최귀화,박지환,허동원,하준,정재광,남문철,박지영,이주원,음문석,김찬형,이규원,전진오,이다일,김영성,차우진,박광재,백승익,최재훈,우강민,강덕중,송요셉,서문호,한우열,권혁범,박은우,이도은,김이현,허승,이태규,최광희,권태호,권지훈,전재형,신재환,김원경,천준호,이원행,정수원,김희,이해원,정수일,김태욱,최형우,이시형,김서원,손승범,손상경,박주환,한상경,정우람,정명군,김운영,안재만,이관민,김승환,김무성,김병민,최형락,전국진,김동주,김영준,한상철,이명자,신재용,정동룡,오명진,김상욱,정수용,이광기,이재혁,김대근,선율우,김승현,전정일,백요섭,전찬원,황정윤,이창훈,곽장륜,조용환,김민규,정인기,윤병희,이병희",20204548,1,1,1,4170888,2842549,2446878,1778.1969669285584,1170.8746028009884,1553.8552118298103,A,20066385
4.0,해적: 도깨비 깃발,2022-01-26,12523963990.0,0.046,12523963990.0,1339242.0,1339242.0,1708.0,117320.0,한국,한국,"(주)어뉴,오스카10스튜디오",롯데컬처웍스(주)롯데엔터테인먼트,12세이상관람가,"어드벤처,액션,코미디",김정훈,"조정우,김은준,강하늘,한효주,이광수,권상우,채수빈,오세훈,김성오,박지환,윤상돈,임세찬",20201965,1,1,1,750214,372416,107562,450.4630296791904,242.8196721311476,119.51333333333334,A,10005643
5.0,신비한 동물들과 덤블도어의 비밀,2022-04-13,12287268510.0,0.045,12287268510.0,1192824.0,1192824.0,2207.0,105995.0,미국,미국,,워너브러더스 코리아(주),12세이상관람가,"어드벤처,가족,판타지",데이빗 예이츠,"에디 레드메인,주드 로,매즈 미켈슨,캐서린 워터스턴,댄 포글러,앨리슨 수돌,에즈라 밀러,칼럼 터너,리차드 코일,올리버 마수치",20212725,1,1,1,533800,283684,289631,262.7337927155112,229.14701130856216,278.33841295991203,A,20100014
6.0,더 배트맨,2022-03-01,9338714700.0,0.034,9338714700.0,904156.0,904156.0,2370.0,97369.0,미국,미국,,워너브러더스 코리아(주),15세이상관람가,"액션,범죄,드라마",맷 리브스,"로버트 패틴슨,폴 다노,조 크라비츠,앤디 서키스,제프리 라이트,콜린 파렐,피터 사스가드,존 터투로",20212973,1,1,2,523323,221633,84548,232.839318629632,146.62423211416686,97.34144736842106,A,10025284
8.0,킹메이커,2022-01-26,7313720610.0,0.027,7377557110.0,775583.0,783182.0,1185.0,80070.0,한국,한국,(주)씨앗필름,플러스엠 엔터테인먼트,15세이상관람가,드라마,변성현,"설경구,이선균,유재명,조우진,박인환,이해영,김성오,전배수,서은수,김종수,윤경호,김새벽,정재성,배종옥,진선규,이재원,김지훈,김주령,장인섭,윤세웅,서상원,허동원,김재화,최광제,윤사봉,이동용,최선규,홍현종,이지호,남승화,정수지,백익남,정우혁,곽동현,문정대,오봄길,송요셉,천재홍,성일,손경원,박세준,안동구,고동업,이동희,박찬규,이상택,김귀선,전현숙,김병철,조현숙,김두은,장예진,양진억,이화룡,마정필,김규인,류연수,곽자형,강홍렬,김동현,이서환,김진모,류대식,구민혁,유승일,전필재,나현민,박재현,선우,김미진,고재경,윤소담,김도영,석승훈,이규창,김경일,김병철,김용,박준형,이진호,장다은,장지연,정해은,전성원,허성재,임승민",20188441,2,2,2,408342,233037,79528,356.3193717277487,212.56958561376075,114.33477100020538,A,10031356
9.0,언차티드,2022-02-16,7116304100.0,0.026,7116304100.0,730924.0,730924.0,1536.0,77036.0,미국,미국,,소니픽쳐스엔터테인먼트코리아주식회사극장배급지점,12세이상관람가,"액션,어드벤처",루벤 플레셔,"톰 홀랜드,마크 월버그,안토니오 반데라스,소피아 알리,타티 가브리엘",20211200,1,1,2,416569,225520,52147,290.9291629252719,205.28478543563065,76.15877321093262,A,20120723
10.0,경관의 피,2022-01-05,6687389520.0,0.025,6734232520.0,679503.0,684681.0,1187.0,57409.0,한국,한국,리양필름(주),(주)에이스메이커무비웍스,15세이상관람가,"범죄,드라마",이규만,"이창윤,조진웅,최우식,박희순,권율,박명훈,홍기준,이얼,이현욱,백현진,박정범,원현준,손인용,연제욱,차엽,이도군,윤진영,김그림,임철형,곽민석,남문철,이성우,김준범,김재영,한갑수,이운산,정의욱,박기덕,서영화,박상훈,장서경,이준기,김한나,이동욱,박재철,한창현,허형규,정민성,김태겸,신철용,정종우,천재홍,조정환,백서빈,장래군,이택근,임영우,문정웅,김선웅,진시원,조한결,서호철,박응수,우수빈,강후재,이태구,정수일,정수용,박영빈,김태준,엄지만,김주아,이서안,박미애,이민영,김선문,이원희,이다령,이장규,이재은,임현욱,노성후,박희진,변동준,김곤,오진호,김유엽,송여진,이진영,김상욱,장의돈,오규택,장서이,임정옥,한동균,이왕수,최현종,황영수,이한승,정광필,신승빈,진지민,박응수,노은하,정성모,오진호",20199882,1,2,4,432894,147053,90837,376.7103431128792,204.4025019857029,138.1101216333623,B,10054878
12.0,이상한 나라의 수학자,2022-03-09,5040361520.0,0.019,5040361520.0,533315.0,533315.0,1357.0,72417.0,한국,한국,(주)조이래빗,(주)쇼박스,12세이상관람가,드라마,박동훈,"최민식,김동휘,박해준,박병은,조윤서,주진모,김원해,탕준상,김희정,강말금,김소숙,최재섭,주예린,이주한,정승길,류지훈,이한종,최재훈,김동현,이상현,신재휘,강준규,김태훈,이용빈,유혜림,김승태,황재순,차보미,최연우,고경민,김은석,차영주,이은형,김현선,정소용,이정섭,이지,조진결,김난희,김철호,김하람,신미영",20190299,1,1,1,273463,129211,77297,220.6109254350581,153.71804894629503,114.32051552926264,A,10028577
13.0,모비우스,2022-03-30,4662620390.0,0.017,4662620390.0,474560.0,474560.0,1696.0,71151.0,미국,미국,,소니픽쳐스엔터테인먼트코리아주식회사극장배급지점,15세이상관람가,"액션,어드벤처,드라마",다니엘 에스피노사,"자레드 레토,맷 스미스,아드리아 아르호나,자레드 해리스,타이레스 깁슨",20204431,1,1,1,344019,94124,29193,217.1641266119578,108.15298752462245,56.60692520775624,A,20126431
14.0,특송,2022-01-12,4172193200.0,0.015,4183274200.0,443177.0,444438.0,996.0,48006.0,한국,한국,(주)엠픽처스,(주)넥스트엔터테인먼트월드(NEW),15세이상관람가,"범죄,액션",박대민,"박소담,송새벽,김의성,정현준,연우진,염혜란,한현민,허동원,오륭,조희봉,백도겸,권혁범,김예은,윤대열,박신운,유지수,강준규,박인수,양희명,박대원,신수오,김한수,차시원,김현민,정승현,유수정,김그림,한규원,안재현,이가경,강민지,신영훈,황원규,김수로,문성복,김기정,오세환,원진호,고영수,전석호,최덕문,유승호,박혜영",20192354,1,2,3,271889,146255,13760,282.5449821852731,173.84700288673798,55.5799192152337,A,10028545
16.0,니 부모 얼굴이 보고 싶다,2022-04-27,3882143780.0,0.0139999999999999,3882143780.0,403701.0,403701.0,1008.0,39119.0,한국,한국,"(주)더타워픽쳐스,이십세기폭스 인터내셔널 프로덕션,(주)리버픽쳐스",(주)마인드마크,15세이상관람가,드라마,김지훈,"설경구,오달수,천우희,문소리,고창석,김홍파,강신일,남기애,이미은,이지은,성유빈,유재상,정유안,정택현,박진우,노정의,전국향,박명신,정승길,손산,이승훈,윤경호,윤돈선,노진영,정도원,허인영,최희진,김재건,이나라,성열석,송광원,안승미,홍산,권귀빈,정병호,심훈기,김영,최정환,고용화,정미혜,이두열,한서윤,김건우,권수진,주동희,배유리,김세정,이상호,조전범,김정일,김윤식,안문주,이지훈,이주한,이다솔,이현일,이연우,백명재,임원선,박광진,홍은진,김영원,추국현,도윤섭,한기현,최선자,이봉규,김성오",20178501,2,1,2,271916,88315,39952,277.7487231869254,164.3288144603934,94.41728561782575,D,10005886
17.0,뜨거운 피,2022-03-23,3739156970.0,0.0139999999999999,3739156970.0,390925.0,390925.0,1279.0,53929.0,한국,한국,주식회사 고래픽처스,"(주)스튜디오디에이치엘,(주)키다리스튜디오",15세이상관람가,"범죄,드라마",천명관,"정우,김갑수,최무성,지승현,김해곤,윤지혜,이홍내,정호빈,김종구,이영석,차순배,허동원,이호철,이성우,배명진,정기섭,김강일,성낙경,현봉식,유순웅,최홍일,백수희,허지원,양희명,정영록,윤대열,윤탁,최광제,양지수,서정우,신미영,김우진,박지홍,김승현,김주희,김진혁,유현,최범호,서광재,이해성,전병덕,박상규,김흥태,이신영,이선주,박지원,김태현,천영암,이병수,유인혜,주재윤,남윤주,이익수,오지영,임유란,김리원,한희경,이은주,김탁,허성우,이경훈,김보경,조셉,박진수,김준섭,고남호,박영준,양영일,김지한,강은지,김시혜,서유림,임소현,안지훈,김병남,박세정,송태완,왕나경,황정윤,김영건,이다혜,이일현,정규연,고진우,김혜지,김정준,장현아,김다슬,최필규,김범준,김태균,서준영,진혁,왕경빈,서영수,장명진,한대훈,황진호,박원우,윤제문,정영주,김단비,김현",20199500,1,1,2,253279,88439,26504,213.73755274261603,120.95994529112936,62.80568720379147,B,10071855
20.0,나일 강의 죽음,2022-02-09,2242081480.0,0.008,2242081480.0,232883.0,232883.0,1041.0,34168.0,미국,미국,,월트디즈니컴퍼니코리아 유한책임회사,12세이상관람가,"범죄,드라마,미스터리",케네스 브래너,"케네스 브래너,갤 가돗,아미 해머,에마 매키",20205443,1,1,4,163441,49149,14782,167.87776962582538,83.0620473201352,50.94731659281141,A,10075291
21.0,문폴,2022-03-16,1962767300.0,0.0069999999999999,1962767300.0,195344.0,195344.0,1174.0,32497.0,미국,미국,,(주)누리픽쳐스,12세이상관람가,"액션,드라마,스릴러,SF,어드벤처",롤랜드 에머리히,"할리 베리,패트릭 윌슨,존 브래들리,마이클 페나,도날드 서덜랜드",20223676,1,2,5,150109,37025,3877,141.0420134228188,62.527141133896265,25.748576850094874,D,10018115
22.0,앵커,2022-04-20,1629168610.0,0.006,1629168610.0,166812.0,166812.0,1032.0,26612.0,한국,한국,"(주)인사이트필름,(주)어바웃잇,(주)디씨지플러스",(주)에이스메이커무비웍스,15세이상관람가,스릴러,정지연,"천우희,이혜영,신하균,차래형,박지현,남문철,임성재,김영필,이해운,정순원,박세현,서이수,김영아,박새힘,서지승,성찬호,정찬훈,마정필,김경민,김성준,김대흥,전세용,목규리,차준명,김세희,양은솔,유수정,이채린,한사명,신희철,강성락,이민하,김정환,신현규,김주연,문성현,김지아,도예림,송화현,오수민,김유현,이지,이미래,박장면,장우영,박정원,장유화,문혜인,양말복,김철윤,박세훈,안세원,박경찬,안민영,김태원,배단희,김지유,이윤재,홍나실,이동원,장준현,김수현,남지현,이대겸,박시현,김형석,한상조",20196669,2,3,5,122102,41799,1878,140.0022932022932,79.03646677471636,73.03333333333333,B,10062251
25.0,하우스 오브 구찌,2022-01-12,1415370730.0,0.005,1415370730.0,143605.0,143605.0,734.0,16256.0,미국,미국,,유니버설픽쳐스인터내셔널 코리아(유),15세이상관람가,"범죄,드라마,스릴러",리들리 스콧,"레이디 가가,아담 드라이버,자레드 레토,제레미 아이언스,알 파치노,셀마 헤이엑",20211177,6,6,5,80621,32817,11668,125.66176798040526,83.1712527154236,215.5039577836412,B,10019469
26.0,웨스트 사이드 스토리,2022-01-12,1225528640.0,0.005,1232083640.0,122706.0,123143.0,754.0,15317.0,미국,미국,,월트디즈니컴퍼니코리아 유한책임회사,12세이상관람가,"드라마,뮤지컬",스티븐 스필버그,"안셀 엘고트,레이첼 지글러,아리아나 데보스,데이비드 알바즈,마이크 파이스트",20193082,3,5,8,88494,22937,2611,129.89263996645,56.43550087873463,154.88983050847455,A,10039450
29.0,앰뷸런스,2022-04-06,1142534110.0,0.004,1142534110.0,114739.0,114739.0,1033.0,23377.0,미국,미국,,유니버설픽쳐스인터내셔널 코리아(유),15세이상관람가,"액션,범죄",마이클 베이,"제이크 질렌할,야히아 압둘 마틴 2세,에이사 곤잘레스",20212724,1,3,5,91536,19745,984,99.66588894073728,44.57110609480813,26.49230769230769,B,10023100
30.0,서울괴담,2022-04-27,1073718490.0,0.004,1073718490.0,112470.0,112470.0,474.0,8989.0,한국,한국,"쟈니브로스(주),플러스엠 엔터테인먼트",플러스엠 엔터테인먼트,15세이상관람가,공포(호러),홍원기,"김도윤,봉재현,서지수,김현정,셔누,최예원,알렉산드라 크리스틴 슈나이더만,추소정,오륭,이민혁,이수민,이열음,이영진,이호원,정원창,주학년",20217982,3,3,6,71067,26854,12425,165.27209302325582,195.81041666666667,102.44405182567728,A,20382255
32.0,안테벨룸,2022-02-23,899691250.0,0.003,899691250.0,95983.0,95983.0,638.0,14011.0,미국,미국,,(주)올스타엔터테인먼트,15세이상관람가,"미스터리,스릴러","제라드 부시,크리스토퍼 렌즈","자넬 모네,잭 휴스턴,지나 말론",20212741,3,4,4,68040,16722,6491,115.15473887814312,44.104747550866605,67.31407407407406,C,20380762
33.0,스텔라,2022-04-06,853798300.0,0.003,853798300.0,94213.0,94213.0,690.0,17674.0,한국,한국,(주)데이드림엔터테인먼트,씨제이 씨지브이(CJ CGV)(주),15세이상관람가,"코미디,드라마",권수경,"손호준,이규형,허성태,전노민,이중옥,고규필,김슬기,박세영,신신애,박영규,이연수,김견우,배제기,문수아,주석제,노정현,서동원,장정연,이주원,이효제,최서연,곽지혜,이효비,정시율,박정환,정수한,김영희,김도연,서문호,박상원,서은지,유병선,김건,손민준,천석현,이성우,이도군,김득겸,박재한,박진우,김현우,오채은,문수영,윤태인,나승현,양대성,유영복,신치영,오정환,박경현,김연정,김은경,김지은,이가영,홍근택,강민구,이한종,유용국,임종화,윤현길,최홍락,장현진,이한결,김희수,정영록,이민호,박종범,백옥균,허유리,박정인,임형준,성병숙,윤제문,최병모,이수형,이승호",20196906,4,2,4,68483,22856,1862,108.18799368088467,47.95923261390888,28.396514161220043,A,10002413
34.0,스펜서,2022-03-16,781131330.0,0.003,781131330.0,82989.0,82989.0,730.0,16502.0,영국,영국,,"(주)영화특별시에스엠씨,그린나래미디어(주)",12세이상관람가,드라마,파블로 라라인,"크리스틴 스튜어트,샐리 호킨스,티모시 스폴,숀 해리스,잭 파딩,잭 닐렌,프레디 스프라이,스텔라 고넷",20210541,3,4,6,50973,19259,6121,75.80433397068197,52.27336176812719,61.122681883024256,C,20262530
35.0,인민을 위해 복무하라,2022-02-23,709334190.0,0.003,709334190.0,79105.0,79105.0,598.0,12221.0,한국,한국,"주식회사 표범영화사,(유)조이앤시네마",(주)제이앤씨미디어그룹,청소년관람불가,"멜로/로맨스,드라마",장철수,"연우진,지안,조성하,정규수,김병만,장해민,장광,유순철,백수련,오용,리민,한일규,김용호,박성도,김요한,권성일,박우준,최승원,김상겸,조현섭,박진성,김준호,김효석,이상윤,칸,강민혁,김석,김세인,박이건,양우리,오희성,이재호,정태혁,최승두,윤현수,이로운,백승현,박성호",20208006,4,5,5,57602,12307,3956,106.30477194832584,37.19732297063904,55.16334661354582,D,10060556
36.0,그대가 조국,2022-05-25,679231490.0,0.003,679231490.0,72082.0,72082.0,496.0,3655.0,한국,한국,(주)켈빈클레인프로젝트,(주)엣나인필름,12세이상관람가,다큐멘터리,이승준,조국,20224634,3,3,3,189737,108173,21281,382.424128995105,486.3269107257546,282.1344696969697,B,10056267
42.0,나의 촛불,2022-02-10,405835950.0,0.001,405835950.0,42123.0,42123.0,294.0,4337.0,한국,한국,주기자 유한회사,트윈플러스파트너스(주),전체관람가,다큐멘터리,"김의성,주진우","박영수,손석희,심상정,유시민,윤석열,추미애,고영태",20205261,3,8,31,29923,7900,2500,115.78828081813155,52.16981132075472,65.78947368421052,D,10005383
43.0,나이트메어 앨리,2022-02-23,401511820.0,0.001,401511820.0,40679.0,40679.0,461.0,6400.0,미국,미국,,월트디즈니컴퍼니코리아 유한책임회사,15세이상관람가,"범죄,드라마,스릴러",기예르모 델 토로,"브래들리 쿠퍼,케이트 블란쳇,토니 콜렛,윌렘 데포,리차드 젠킨스,루니 마라,론 펄먼,메리 스틴버겐,데이빗 스트라탄",20223743,5,7,7,27705,7785,3390,68.31102500880591,51.12101313320826,59.02985074626866,A,10003461
46.0,어나더 라운드,2022-01-19,333228390.0,0.001,335831390.0,35932.0,36204.0,175.0,3427.0,기타,기타,,(주)엣나인필름,15세이상관람가,"코미디,드라마",토마스 빈터베르그,"매즈 미켈슨,토마스 보 라센",20219626,11,10,10,14589,7934,6926,88.6484375,172.47826086956522,133.55922865013775,B,10080479
54.0,시라노,2022-02-23,203932200.0,0.001,203932200.0,24751.0,24751.0,195.0,3688.0,미국,미국,,유니버설픽쳐스인터내셔널 코리아(유),12세이상관람가,"멜로/로맨스,뮤지컬,드라마",조 라이트,"피터 딘클리지,헤일리 베넷,켈빈 해리슨 주니어",20212708,7,12,10,18078,2552,748,106.43061396131202,26.86315789473684,43.63333333333333,B,10065000
59.0,리코리쉬 피자,2022-02-16,213876700.0,0.001,213876700.0,21188.0,21188.0,222.0,3650.0,미국,미국,,유니버설픽쳐스인터내셔널 코리아(유),15세이상관람가,"멜로/로맨스,드라마",폴 토마스 앤더슨,"알라나 하임,쿠퍼 호프만,숀 펜,톰 웨이츠,브래들리 쿠퍼,베니 사프디",20223302,7,11,20,13342,4033,1451,65.67791842475386,43.43230769230769,48.13744075829384,B,10083853
61.0,우연과 상상,2022-05-04,197568200.0,0.001,198632200.0,19987.0,20120.0,56.0,1774.0,일본,일본,,"그린나래미디어(주),(주)영화사 안다미로",15세이상관람가,"드라마,멜로/로맨스",하마구치 류스케,"현리,나카지마 아유무,시부카와 키요히코,우라베 후사코,카와이 아오바",20210962,7,7,16,10379,5435,3399,205.23446327683612,106.2709497206704,80.11111111111111,C,20111755
