Rank,Movie_Title,Release_Date,Box_Office,Box_Office_Share,Cumulative_Box_Office,Audience,Cumulative_Audience,Screens,Showings,Main_Nationality,Nationality,Production_Company,Distributor,Rating,Genre,Director,Actors,movieCd
1.0,서울의 봄,2023-11-22,127926951712.0,0.048,127926951712.0,13128080.0,13128080.0,2463.0,374533.0,한국,한국,(주)하이브미디어코프,플러스엠 엔터테인먼트,12세이상관람가,드라마,김성수,"이귀우,황정민,정우성,이성민,박해준,김성균,김의성,정동환,안내상,유성주,최병모,박훈,이재윤,김성오,남윤호,홍서준,안세호,정형석,박정학,박원상,박민이,염동헌,전진기,차래형,공재민,권혁,한창현,송영근,전수지,서광재,임철형,현봉식,곽자형,전운종,이승희,김기무,문성복,김옥주,박정표,곽진석,한규원,우미화,차건우,최원경,정만식,정해인,이준혁,우아름,김지원,최기동,양영문",20212866
2.0,파묘,2024-02-22,115121081312.0,0.044,115121081312.0,11910325.0,11910325.0,2367.0,364429.0,한국,한국,(주)쇼박스,(주)쇼박스,15세이상관람가,"미스터리,공포(호러)",장재현,"최민식,김고은,유해진,이도현,김재철,김민준,김병오,전진기,박정자,박지일,이종구,이영란,정상철,김지안,김태준,김서현,송광자,최문경,김선영,이다윗,김소숙,정윤하,설승혜,홍서준,안태영,최정화,이아연,심소연,한미자,현지인,이경민,한동희,이정현,설창희,황유나,윤재인,김희상,선인호,백승철,윤종구,박종원,임호준,김진욱,류한선,박태양,이은경,박진영,홍석빈,한혜지,박재완,윤정훈,최교식,이지현,정예서,이은주,은수,장의돈,주광현,박용,신무호,김이석,김선동,한동균,박예빈,윤수진,정승기,강일웅,김영주,오보혜,고영규,선인호,전형규,이태운,임예은,최낙윤,정무성,진대연,송나영,유한솔,김하영",20234675
3.0,범죄도시4,2024-04-24,105948680909.0,0.04,105948680909.0,11075758.0,11075758.0,2980.0,340400.0,한국,한국,"주식회사 빅펀치픽쳐스,(주)홍필름,(주)비에이엔터테인먼트","주식회사 에이비오엔터테인먼트,플러스엠 엔터테인먼트",15세이상관람가,"액션,범죄",허명행,"김무열,박지환,이동휘,마동석,곽자형,이범수,김민재,이지훈,이주빈,김도건,김지훈,현봉식,김신비,김영웅,류지훈,백승환,배재원,안성봉,김호준,정인기,권일용,박보경,김수진,배해선,조진결,최현도,강준석,정유겸,김선문,김모범,주석인,박근정,이상진,최순진,강전영,정지영,고서정,조현식,정기욱,김근혁,장태민,임서아,강신철,김형범,김형국,이한솔,홍상우,주미진,서원준,이가회,김시영,민효경,박현진,강지연,지지안,우지영,김예소리",20228797
4.0,아바타: 물의 길,2022-12-14,137647702899.0,0.052,137647702899.0,10805065.0,10805065.0,2809.0,283037.0,미국,미국,,월트디즈니컴퍼니코리아 유한책임회사,12세이상관람가,"액션,어드벤처,SF,스릴러",제임스 카메론,"조 샐다나,샘 워싱턴,시고니 위버,스티븐 랭,케이트 윈슬렛",20225061
5.0,범죄도시3,2023-05-31,104687737771.0,0.04,104687737771.0,10682813.0,10682813.0,2582.0,311915.0,한국,한국,"주식회사 빅펀치픽쳐스,(주)홍필름,(주)비에이엔터테인먼트","주식회사 에이비오엔터테인먼트,플러스엠 엔터테인먼트",15세이상관람가,"범죄,액션",이상용,"정호진,마동석,황순명,이준혁,아오키 무네타카,이범수,김민재,이지훈,김도건,고규필,전석호,안세호,한규원,최우준,최동구,이세호,이태규,배누리,최광제,심영은,김기호,고건한,신현용,쿠니무라 준,박지환,윤상돈,김지수,박혜영,마동석,강윤,홍준영,류성현,유인혁,김원경,박상원,공대유,박준혁,공경배,김민,최원석,송이우,주혁,전아희,손지영,차재현,연예림,이혜지,박상남,이재성,이재혁,서문호,한기장,손인용,정미형,최춘범,이진한,김태윤,백남준,박태산,이충구,김소원,강희제,강한별,홍이주,배소영,서영진,손태오,남지우,신혜선,주예은,채건희,이정환,심하늘,김리우,장용희,최현도,김다솔,이명로,정우탁,정현옥,여성환,김영조,문경린,이형석,이찬희,김우현,류한종,손종복,이진희,김민준,이윤석,정수원,조국형,박현석,김민수,최광덕,이상원,임소현,이한솔,홍상우,정무성,강하나,최태주,김주희,손승훈,이문빈,정규영,전민정,임연빈,이호철,이동호,김병탁,김세중",20226411
6.0,탑건: 매버릭,2022-06-22,88369573194.0,0.033,88369573194.0,8230874.0,8230874.0,1975.0,252947.0,미국,미국,,롯데컬처웍스(주)롯데엔터테인먼트,12세이상관람가,액션,조셉 코신스키,"톰 크루즈,마일즈 텔러,제니퍼 코넬리,존 햄,에드 해리스,글렌 포웰,제이 엘리스,그렉 타잔 데이비스,찰스 파렐,장 루이자 켈리,대니 라미레즈",20194376
8.0,한산: 용의 출현,2022-07-27,73711802377.0,0.0279999999999999,73711802377.0,7266340.0,7266340.0,2223.0,217777.0,한국,한국,(주)빅스톤픽쳐스,롯데컬처웍스(주)롯데엔터테인먼트,12세이상관람가,"액션,드라마",김한민,"박해일,이지영,김시국,이정태,변요한,안성기,손현주,김성규,김성균,김향기,옥택연,공명,박지환,조재윤,윤제문,박훈,윤진영,김강일,박재민,이서준,김민재,김재영,김구택,손경원,안성봉,이운산,김영웅,공정환,배현성,김대명,정예훈,김한민,김기호,김기환,강신구,김영탁,김공,이재한,정제우,정연,윤대열,김리우,김현태,현봉식,김범석,고한민,문승배,강덕중,서상원,김영찬,배명진,곽민호,정준화,황무영,안태준,이의령,안치욱,강병욱,김호연,김태근,고기영,홍윤,박선교,김동훈,서세명,박형준,이진민,이규탁,남현우,윤상원,이지운,문바롬,김태희,김동현,김우현,남상우,김현승,양동혁,오누리,한봄,박재이,김진희,강리안,강보라,김지아,이다혜,김효주,한송희,한상경,김진형,오지훈,이루겸,최홍락,방병현,황성웅,김이담,김경태,김건보,이동빈,유건기,위민국,정동근,최돈학,권용덕,김용준,김한솔,김현우,강성락,이종욱,윤상영,김영호,이건록,장한솔,정현옥,이단,백태민,현직,손대민,김무섭,한동국,황민혁,조현수,김서준,채강,엄기영,손수호,이상호,민주호,오창후,김형석,구본혁,우혁,김명곤,문숙,이준혁,윤승훈,박혜영,허중회,이보영,윤현승",20209343
9.0,엘리멘탈,2023-06-14,71141723066.0,0.027,71141723066.0,7240510.0,7240510.0,1664.0,247358.0,미국,미국,,월트디즈니컴퍼니코리아 유한책임회사,전체관람가,애니메이션,피터 손,,20228930
10.0,공조2: 인터내셔날,2022-09-07,70918411586.0,0.027,70918411586.0,6983077.0,6983077.0,2389.0,275817.0,한국,한국,"(주)제이케이필름,(주)씨제이이엔엠",(주)씨제이이엔엠,15세이상관람가,"액션,코미디",이석훈,"현빈,유해진,임윤아,다니엘 헤니,진선규,장영남,박훈,임성재,윤상화,박민하,전국환,전배수,이해영,서동원,이승훈,이제연,박형수,이민지,박종환,송영근,김중희,최동구,설찬미,서동복,박진수,김경식,변경록,정의순,이동용,남성준,김태수,우정국,김성인,전민,김태향,유비,우석준,현직,김관모,주재후,류경환,신욱,김선희,박광렬,황두하,전종석,신영훈,김병오,박재홍,임세인,김철윤,장현진,함태인,김진우,정윤하,강덕중,최미라,한은수,황인덕,정성인,명채미,최유지,추정훈,김원해,조달환",20215601
11.0,스즈메의 문단속,2023-03-08,57125905372.0,0.022,57125905372.0,5576058.0,5576058.0,1572.0,244744.0,일본,일본,,(주)쇼박스,12세이상관람가,애니메이션,신카이 마코토,"하라 나노카,마츠무라 호쿠토",20236557
12.0,밀수,2023-07-26,49685303003.0,0.019,49685303003.0,5143261.0,5143261.0,1932.0,167670.0,한국,한국,(주)외유내강,(주)넥스트엔터테인먼트월드(NEW),15세이상관람가,액션,류승완,"김혜수,염정아,조인성,박정민,김종수,고민시,김재화,박준면,박경혜,주보비,곽진석,정도원,신민재,김충길,이정수,안세호,최종원,김원해,김경덕,윤병희,김기천,윤종구,신영옥,홍성오,김준식,이상희,신삼봉,구본웅,백주희,전현숙,이선희,이진희,신우희,백승철,윤대열,이태형,정재원,장기하,진경,윤경호",20218541
13.0,더 퍼스트 슬램덩크,2023-01-04,51011135600.0,0.019,51011135600.0,4877994.0,4877994.0,1060.0,237513.0,일본,일본,,(주)넥스트엔터테인먼트월드(NEW),12세이상관람가,애니메이션,이노우에 다케히코,,20228555
14.0,노량: 죽음의 바다,2023-12-20,45005909475.0,0.017,45005909475.0,4573051.0,4573051.0,2196.0,155687.0,한국,한국,(주)빅스톤픽쳐스,"롯데컬처웍스(주)롯데엔터테인먼트,(주)에이스메이커무비웍스",12세이상관람가,"사극,액션",김한민,"최단비,김윤석,백윤식,정재영,허준호,김성규,이규형,이무생,최덕문,안보현,박명훈,박훈,문정희,정기섭,유성주,안성봉,안세호,이성욱,오누리,주석태,최광제,최정태,김중희,안성기,여진구,이제훈,박용우,김민상,공명,남명렬,남경읍,배한성,김재영,송요셉,김효민,강성락,이건록,노형원,임일규,허재호,한우진,이재한,강신구,이태형,김형석,최돈학,이지영,이상호,전운종,한대훈,정대경,고해성,남상우,정영록,이재우,고기영,문바롬,이동희,김용준,손대민,윤상영,박형준,이규탁,김범수,박상원,진범일,서한돌,조성국,이시안,서대건,정시훈,김시우,김준석,박성현,김형록,황성웅,위민국,이민수,김진형,윤현승,남태우,우혁,김무섭,구본혁,채강,채원우,김동환,한재학,정동근,지상우,송치훈,김태응,강민태,박웅선,강수호,박현욱,김서준,황재운,이웅규,박범규,김시국,서현재,김백겸,공지삵,강태우,이승헌,함진성,이동현,이원희,박누가,손수호,최기표,황민혁,정하영,신형근,정유준,서정민,정민혁,김태훈,정종훈,김서빈,조현수,윤영진,하영진,정민철,김명수,양동혁,박성현,정승현,백경선,임성민,엄기영,박인국,유명환,김민수,오영철,최지현,오동훈,윤혁진,민주호,김동형,이창균,김경훈,김진욱,홍기주,이종섭,오창후,허재욱,박상준,허태경,안준호,조재현,최지환,문형돈,오지훈,이시헌,박원진,한지은,신재영,송광주,장루이,현서영,신치영,황민형,김한상,장유화,연원모,김지안,석예린,권지희,문정환,변봉식,박광복,박선애",20203702
15.0,헌트,2022-08-10,44602463153.0,0.017,44602463153.0,4352513.0,4352513.0,1625.0,170966.0,한국,한국,"(주)아티스트스튜디오,(주)사나이픽처스",플러스엠 엔터테인먼트,15세이상관람가,"액션,드라마",이정재,"장재혁,이상혁,오동훈,이지영,이정재,정우성,전혜진,허성태,고윤정,김종수,정만식,임형국,정경순,정재성,송영창,강경헌,임성재,정성모,손성호,김학선,오만석,김문찬,박건우,이채은,김윤도,송덕호,이서한,장서경,김찬형,송철호,김형범,경성환,윤정섭,최우준,정재현,김효준,차래형,박중근,홍성덕,문정대,이도국,이한주,고서희,손경원,이태형,조진결,고경만,김호준,김은우,정종우,박민이,윤대열,김완수,김결,김덕주,민경옥,김송일,이가경,차우진,박민정,옥주리,조광유,박도영,조혜린,박병관,이도헌,이주안,손승범,장재혁,박인국,문유성,김동형,김시원,배정환,이시안,정상균,박영준,최기표,김재환,남열,태윤,박형준,백승우,이찬희,전현석,장나라,이웅규,진가민,허윤,권민경,이재원,김의신,조영미,최은애,백경윤,박서희,박민정,김기태,김재환,김한솔,서문호,여이레,이도군,홍지원,황정민,이성민,유재명,박성웅,조우진,김남길,주지훈,정용식,김동규,김동훈,김명선,최민,권은성,박윤희,이도군",20211792
16.0,가디언즈 오브 갤럭시: Volume 3,2023-05-03,44358441834.0,0.017,44358441834.0,4209250.0,4209250.0,1819.0,153745.0,미국,미국,,월트디즈니컴퍼니코리아 유한책임회사,12세이상관람가,액션,제임스 건,"크리스 프랫,조 샐다나,데이브 바티스타,카렌 길런,폼 클레멘티에프,빈 디젤,브래들리 쿠퍼,윌 폴터",20231496
17.0,미션 임파서블: 데드 레코닝 PART ONE,2023-07-12,40430706769.0,0.015,40430706769.0,4022291.0,4022291.0,2437.0,137978.0,미국,미국,파라마운트 픽쳐스,롯데컬처웍스(주)롯데엔터테인먼트,15세이상관람가,"액션,스릴러,어드벤처",크리스토퍼 맥쿼리,"톰 크루즈,헤일리 앳웰,빙 라메스,사이먼 페그,레베카 퍼거슨,바네사 커비,에사이 모랄레스,폼 클레멘티에프",20232631
18.0,콘크리트 유토피아,2023-08-09,37412826232.0,0.0139999999999999,37412826232.0,3849244.0,3849244.0,1731.0,150919.0,한국,한국,"클라이맥스 스튜디오(주),(주)비에이치 엔터테인먼트",롯데컬처웍스(주)롯데엔터테인먼트,15세이상관람가,"드라마,기타",엄태화,"이병헌,박서준,박보영,김선영,김도윤,박지후,김학선,공민정,엄태구,정영기,오희준,김준배,정혜윤,이서환,강애심,이효제,김시운,김병순,이선희,권은성,강일,곽자형,최영도,김용준,김동곤,남진복,변진수,곽민규,김홍국,황정남,김희상,손민석,전영,정은경,배기범,주인영,이지해,이은주,박주용,무현,한승우,김현창,정태영,백승진,홍성오,정재민,김지산,라호찬,김예은,김상동,김봉희,김자미,오은지,이자령,오민정,김태준,유휴인,민영,라희선,김문학,이승원,공재민,추연규,허선행,김경덕,이석형,나철,최솔희,현승진,서우진,천윤경,김동현,박지홍,정지우,홍승균,이중현,박경찬,김가영,이일진,이서아,박종환,장선,김권후,김선경,하은서,변중희,신다영,김지성,윤재국,김영건,강종현,홍성일,김연지,권라희,유이찬,양소희,이재준,진유찬,김태이,양희원,김효경,강준석,이상연,김테이,오수진",20204264
19.0,웡카,2024-01-31,33957565189.0,0.013,33957565189.0,3531560.0,3531560.0,1753.0,152289.0,미국,미국,,워너브러더스 코리아(주),전체관람가,"판타지,드라마",폴 킹,"티모시 샬라메,칼라 레인,올리비아 콜맨,톰 데이비스,휴 그랜트,샐리 호킨스",20236180
20.0,올빼미,2022-11-23,32860926124.0,0.012,32860926124.0,3329634.0,3329634.0,1541.0,149137.0,한국,한국,"(주)씨제스엔터테인먼트,(주)영화사 담담",(주)넥스트엔터테인먼트월드(NEW),15세이상관람가,스릴러,안태진,"류준열,유해진,최무성,조성하,박명훈,김성철,안은진,조윤서,김상욱,이주원,김예은,정석원,류성현,김승태,신문성,안성봉,문승배,김인권,김채원,김도원,양희명,강진휘,박희은,김샛별,김재현,류석호,손경원,송동환,강덕중,안세호,배용근,류지훈,조경현,신정원,황보정일,윤진영,윤준열,정동근,최돈학,서인혁,고한민,장태민,서문호,이동희,노정현,김설,손문영,김태준,안석현,권병철,고덕원,이정훈,김현정,장윤정,류진,남시훈,이태호,김현우,한수빈,한여름,설옥남,김수민,이정우,전민옥,전동현,권병철,황영윤,홍의정,이충식,전기수,최춘범,이수민,전기수",20227762
21.0,영웅,2022-12-21,32302850750.0,0.012,32302850750.0,3275218.0,3275218.0,1314.0,133663.0,한국,한국,"(주)제이케이필름,(주)씨제이이엔엠",(주)씨제이이엔엠,12세이상관람가,"드라마,뮤지컬",윤제균,"정성화,김고은,나문희,조재윤,배정남,이현우,박진주,권라희,지웅배",20233597
22.0,오펜하이머,2023-08-15,34444961856.0,0.013,34444961856.0,3237793.0,3237793.0,1636.0,132298.0,미국,미국,,유니버설픽쳐스인터내셔널 코리아(유),15세이상관람가,"스릴러,드라마",크리스토퍼 놀란,"킬리언 머피,에밀리 블런트,맷 데이먼,로버트 다우니 주니어,플로렌스 퓨,조쉬 하트넷,케이시 애플렉,라미 말렉,케네스 브래너",20226431
23.0,쥬라기 월드: 도미니언,2022-06-01,29237071310.0,0.011,29237071310.0,2837410.0,2837410.0,2218.0,86427.0,미국,미국,,유니버설픽쳐스인터내셔널 코리아(유),12세이상관람가,"액션,어드벤처",콜린 트레보로우,"크리스 프랫,브라이스 달라스 하워드,드완다 와이즈,로라 던,제프 골드블럼,샘 닐",20206061
24.0,마녀(魔女) Part2. The Other One,2022-06-15,28920265670.0,0.011,28922488670.0,2806254.0,2806501.0,1796.0,94939.0,한국,한국,"(주)영화사 금월,(주)스튜디오앤뉴,(주)페퍼민트앤컴퍼니",(주)넥스트엔터테인먼트월드(NEW),15세이상관람가,액션,박훈정,"신시아,박은빈,서은수,진구,성유빈,조민수,차순배,저스틴 하비,이종석,김다미,변서윤,채원빈,서이라,정라엘,김기해,장재영,정예진,모그,신영옥,김대흥,신희철,정환욱,우강민,최홍락,홍원표,유태근,윤기창,오기덕,이규영,한재웅,문동식,노승윤,고남호,이준,임승준,장남수,최동구,김한솔,공경배,서문호,이선호,한상경,이상렬,조광욱,정운,조창원,오원혁,김민규,김소민,김벼리,장지호,엄태구,김용우",20224882
25.0,토르: 러브 앤 썬더,2022-07-06,29505081721.0,0.011,29505081721.0,2716306.0,2716306.0,2143.0,107527.0,미국,미국,,월트디즈니컴퍼니코리아 유한책임회사,12세이상관람가,"액션,어드벤처,판타지",타이카 와이티티,"크리스 헴스워스,나탈리 포트만,테사 톰슨,크리스찬 베일,타이카 와이티티,크리스 프랫",20224662
26.0,슈퍼 마리오 브라더스,2023-04-26,23558835482.0,0.009,23558835482.0,2395519.0,2395519.0,1576.0,94685.0,미국,미국,,유니버설픽쳐스인터내셔널 코리아(유),전체관람가,"애니메이션,어드벤처,코미디",,"크리스 프랫,안야 테일러 조이,잭 블랙,찰리 데이",20227890
27.0,미니언즈2,2022-07-20,21999556172.0,0.008,21999556172.0,2269024.0,2269024.0,1394.0,78960.0,미국,미국,,유니버설픽쳐스인터내셔널 코리아(유),전체관람가,"애니메이션,어드벤처,코미디",카일 발다,"피에르 꼬팽,스티브 카렐,타라지 P. 헨슨",20205362
28.0,30일,2023-10-03,21258247514.0,0.008,21258247514.0,2165585.0,2165585.0,1226.0,130511.0,한국,한국,(주)영화사울림,(주)마인드마크,12세이상관람가,코미디,남대중,"강하늘,정소민,조민수,김선영,황세인,윤경호,이상진,원우,송해나,엄지윤,임철형,임진택,김진만,장지아,서한결,전노민,태인호,강지영,정형석,이원욱,학진,김선화,윤세웅,나호숙,홍준우,채주아,조영지,노정현,정상우,이수빈,이나현,심우성,강병화,이선우,류강주,문호진,홍윤희,이동현,구유진,홍석빈,윤지욱,남선중,문승현,차지현,이윤정,이주은,정윤겸,권정윤,이건창,이건창,조용환,박청용,유황조,정진웅,김태수,김동완,남훈철",20228819
29.0,블랙 팬서: 와칸다 포에버,2022-11-09,22206623699.0,0.008,22206623699.0,2105988.0,2105988.0,2571.0,121669.0,미국,미국,,월트디즈니컴퍼니코리아 유한책임회사,12세이상관람가,"액션,어드벤처,드라마",라이언 쿠글러,"레티티아 라이트,루피타 뇽오,다네이 거라이라,마틴 프리먼,다니엘 칼루야,안젤라 바셋,윈스턴 듀크,테노치 우에르타 메히아",20226254
30.0,비상선언,2022-08-03,20927363328.0,0.008,20927363328.0,2058869.0,2058869.0,1734.0,73045.0,한국,한국,"(주)매그넘나인,(주)씨제스엔터테인먼트,씨네주 유한회사",(주)쇼박스,12세이상관람가,드라마,한재림,"송강호,이병헌,전도연,김남길,임시완,김소진,박해준,우미화,현봉식,문숙,설인아,권한솔,김보민,김국희,임형국,이열음,임성재,순정,황재훈,이상현,김학선,남명렬,정종열,김호정,이현균,이시원,이일섭,윤세웅,오재균,변우종,조승연,황현빈,박재완,심소연,채송아,진미사,이수미,강지현,신수연,홍하나임,황가희,윤소희,구유정,이지윤,곽민규,전정일,이승준,하정민,박근홍,이예영,서석규,하혜승,김금순,이은희,이동희,조용준,김혁종,조운,김영욱,윤민수,지웅배,구민혁,신현숙,이문빈,조태호,김서연,신승용,김규도,김봉희,양대성,석보배,신민경,용석주,김병만,최솔희,김지우,고경인,최지안,박인지,박희은,정재혁,최영도,정서인,박선임,이종운,이택근,고경희,박크미,이두석,정윤하,오윤수,조범수,문주연,문아람,조진결,송경의,김리승,강말금,성기윤,이화룡,전수지,김창환,손진환,손재협,고용진,조재룡,배현경,변진수,유종연,심우성,민재경,문병주,강내균,전세용,유아름,김이현,박기선,권정민,강영일,이승준,이은주,이태건,김광현,이지수,민효경,전은미,이윤재,서덕인,전두현,권혁,정형석,전형재,송훈,이하은,송원수,송광주,신정아,임정옥,황재열,김진혁,이주영,송형수,김광식,이기동,조대희,최재훈,고유찬,서동복,최은경,차승호,최백규,이의령,성용훈,박선우,민상철,최영민,이대한,이동현,이유진,조영지,김동형,변동욱,오재세,김상일,백승익,오근욱,제성,윤선미,최현아,장준휘,양희명,조강연,권훈,손경원,이해운,정연심,윤재인,박주영,하수호,윤선미,김솔로몬,김지민,김태훈,최필상,기도영,송글송글,정소용,류민하,강준석,안정호,지남혁,김리우,공대유,서혜윤,기환,박예영,김영조,하경민,여민구,강명헌,김연교,신덕호,옥윤중,장서연,임지현,변중희,김도원,김현정,장용희,김한상,신치영,현승진,권일용,김윤희,정지영,박윤희",20196410
31.0,그대들은 어떻게 살 것인가,2023-10-25,19608939412.0,0.0069999999999999,19608939412.0,2015965.0,2015965.0,1733.0,119876.0,일본,일본,,메가박스중앙(주),전체관람가,애니메이션,미야자키 하야오,"스다 마사키,시바사키 코우,키무라 요시노,기무라 타쿠야,산토키 소마,아이묭",20234664
32.0,듄: 파트2,2024-02-28,23424291849.0,0.009,23424291849.0,1999868.0,1999868.0,1544.0,82778.0,미국,미국,,워너브러더스 코리아(주),12세이상관람가,액션,드니 빌뇌브,"티모시 샬라메,젠데이아 콜먼,레베카 퍼거슨,조슈 브롤린,오스틴 버틀러,플로렌스 퓨,데이브 바티스타,크리스토퍼 월켄,스티븐 헨더슨,레아 세이두,스텔란 스카스가드,샬롯 램플링,하비에르 바르뎀",20236295
33.0,육사오(6/45),2022-08-24,19793028880.0,0.0069999999999999,19793028880.0,1981014.0,1981014.0,1339.0,105937.0,한국,한국,"(주)티피에스컴퍼니,(주)싸이더스","(주)홈초이스,(주)싸이더스",12세이상관람가,코미디,박규태,"이학주,고경표,이이경,음문석,박세완,이순원,곽동연,김민호,류승수,윤병희,이준혁,신원호,남도윤,서정우,최민혁,배한솔,정상철,강길준,김건우,김슬민,오병곤,윤지용,박치우,이학주,김관모,홍민기,김민규,김백겸,문경민,박혁진,유병수,이태경,윤지홍,손경표,강운,최현태,서한돌,이동환,구본혁,김진형,송호제,신문선,이건록,이동기,이수,이시안,이지운,정시훈,채원우,최기표,황민혁,황태훈,최원,서지원,오혜금,편한마음,김재민,이종훈,조미초,이예진,정인기,박희진,이현걸,오현수,정용식",20217826
34.0,존 윅 4,2023-04-12,19956652129.0,0.008,19956652129.0,1924768.0,1924768.0,1535.0,89561.0,미국,미국,,(주)레드아이스 엔터테인먼트,청소년관람불가,액션,채드 스타헬스키,"키아누 리브스,로렌스 피쉬번,이안 맥쉐인,빌 스카스가드,견자단",20231089
35.0,천박사 퇴마 연구소: 설경의 비밀,2023-09-27,18635492555.0,0.0069999999999999,18635492555.0,1916429.0,1916429.0,1511.0,98823.0,한국,한국,(주)외유내강,(주)씨제이이엔엠,12세이상관람가,"판타지,액션",김성식,"김영빈,강동원,허준호,이솜,이동휘,김종수,박소이,윤병희,주보비,박경혜,이규호,김원해,박정민,조이현,이정은,박명훈,지수,박지홍,권오철,이동찬,민효경,오현석,박주환,배영란,구시연,전소현,송길호,고재원,김태야,최재옥,김태진,김현준,김승필,장주완,이보람,장우용",20227410
36.0,헤어질 결심,2022-06-29,19740856178.0,0.0069999999999999,19740856178.0,1904147.0,1904147.0,1374.0,80670.0,한국,한국,모호필름,(주)씨제이이엔엠,15세이상관람가,"미스터리,멜로/로맨스",박찬욱,"박해일,탕웨이,이정현,고경표,김신영,정영숙,유승목,서현우,정이서,이학주,정소리,신안진,김도연,고민시,차서원,주인영,윤성원,최선자,진용욱,안진상,박정민,박용우,정하담,최대훈,김미화,곽은진,안성봉,김성곤,문순주,현직,한서울,김도담,문정대,유인혜,권혁성,차상도,강경수,유태오,이지하,전성애,이경민,이용녀,김귀례,김도담,유다솜,김민준,김국진,김상현",20209654
37.0,분노의 질주: 라이드 오어 다이,2023-05-17,18474636210.0,0.0069999999999999,18474636210.0,1773483.0,1773483.0,1731.0,93156.0,미국,미국,,유니버설픽쳐스인터내셔널 코리아(유),15세이상관람가,액션,루이스 리테리어,"빈 디젤,제이슨 모모아,제이슨 스타뎀,샤를리즈 테론,브리 라슨,미셸 로드리게즈,성 강",20231592
38.0,쿵푸팬더4,2024-04-10,16520718004.0,0.006,16520718004.0,1769764.0,1769764.0,2311.0,103177.0,미국,미국,,유니버설픽쳐스인터내셔널 코리아(유),전체관람가,"애니메이션,액션,코미디","마이크 미첼,스테파니 스티네","잭 블랙,아콰피나,비올라 데이비스,더스틴 호프만,제임스 홍,브라이언 크랜스톤,이눈솔",20236614
39.0,교섭,2023-01-18,17460908740.0,0.0069999999999999,17460908740.0,1721100.0,1721100.0,1289.0,92618.0,한국,한국,"(주)영화사수박,원테이크필름",플러스엠 엔터테인먼트,12세이상관람가,드라마,임순례,"황정민,도기범,현빈,강기영,조윤상",20190808
40.0,시민덕희,2024-01-24,16138750097.0,0.006,16138750097.0,1709827.0,1709827.0,1281.0,96231.0,한국,한국,"(주)씨제스엔터테인먼트,페이지원필름(주)",(주)쇼박스,15세이상관람가,드라마,박영주,"라미란,공명,염혜란,박병은,장윤주,이무생,안은진,김율호",20206946
41.0,앤트맨과 와스프: 퀀텀매니아,2023-02-15,16346738806.0,0.006,16346738806.0,1551129.0,1551129.0,2090.0,104768.0,미국,미국,,월트디즈니컴퍼니코리아 유한책임회사,12세이상관람가,액션,페이튼 리드,"폴 러드,에반젤린 릴리,미셀 파이퍼,마이클 더글라스",20230209
42.0,외계+인 1부,2022-07-20,16009890548.0,0.006,16009890548.0,1541020.0,1541020.0,1959.0,68420.0,한국,한국,(주)케이퍼필름,(주)씨제이이엔엠,12세이상관람가,"액션,판타지,SF",최동훈,"류준열,김우빈,김태리,소지섭,염정아,조우진,김의성,이하늬,신정근,이시훈,김대명,최유리,김기천,윤병희,지건우,윤경호,옥자연,이현걸,김해숙,유재명,전여빈,김민서,김민준,이선희,백현주,최광제,심달기,조하이,김루아,김강일,이동희,김찬형,박무염,송영광,이동용,장준휘,한성수,김정한,김왕도,김세홍,김만호,김민체,박광재,박수진,김선혁,김우현,김민환,김재현,김윤도,김진욱,김한솔,문바롬,박수찬,성백인,안재원,이태환,이보영,윤상원,손주환,김단비,지한아,김빛나래,김세정,민정은,배윤민,정지원,지성은,전아희,한수아,고나영,박시연,송지혁,우상기,김선혁,한승윤,박인규,강정민,이희규,변진수,양미선,이병욱,장규식,전경희,강춘선,강차욱,김문조,조한길,류관후,김방선,전은미,정민규,고유준,전진기,이원민,이택근,서석규,한동훈,남지우,박래영,임보현,임우진,신혜지,김지선,김예주,이주혁,하시연,차영주,이수진,김수현,현오봉,김승준,박건률,선인호,이동석,조운성,조진결,한지훈,황인직,이준창,황재운,임재민,강기원,전원표,정예서,민새희,오채은,이하주,유독현,이가현,김현식,박종범,이섭정,강한별,김솔로몬,장석준,이수형",20208446
43.0,잠,2023-09-06,13894258933.0,0.005,13894258933.0,1470359.0,1470359.0,1231.0,103697.0,한국,한국,(주)루이스 픽쳐스,롯데컬처웍스(주)롯데엔터테인먼트,15세이상관람가,미스터리,유재선,"정유미,박현정,이선균,김금순,이동찬,오윤수,홍하나임,김국희,이경진,윤경호",20240369
44.0,외계+인 2부,2024-01-10,13792326337.0,0.005,13792326337.0,1430121.0,1430121.0,1390.0,97872.0,한국,한국,(주)케이퍼필름,(주)씨제이이엔엠,12세이상관람가,기타,최동훈,"류준열,김태리,김우빈,이하늬,염정아,조우진,김의성,진선규,신정근,윤경호,이시훈,최미금,위지웅",20235253
45.0,위시,2024-01-03,13390807253.0,0.005,13390807253.0,1404568.0,1404568.0,1421.0,88438.0,미국,미국,,월트디즈니컴퍼니코리아 유한책임회사,전체관람가,애니메이션,"크리스 벅,폰 비라선손","아리아나 데보스,크리스 파인,알란 터딕",20235834
46.0,달짝지근해: 7510,2023-08-15,13445519901.0,0.005,13445519901.0,1388309.0,1388309.0,1032.0,86601.0,한국,한국,(주)무비락,(주)마인드마크,12세이상관람가,코미디,이한,"유해진,김희선,차인표,진선규,한선화,정다은,이준혁,이지훈,윤병희,김서현,김기천,현봉식,기소유,이동용,최교식,이승훈,임승범,안주리,정우성,염혜란,임시완,고아성,우현,이호철,김범태,이한솔,김율호,신우희,강지은,김한솔,손정아,김호경,한태은,강충훈,홍성관,이동규,박도영,김범석,구본진,유수연,김경리,김륜호,한태진,김인경,장준현,강다희,장지훈,권귀빈,서정원,양재현,하시연,김민정,채송화,김수진,이왕수,신정만,전두현,우혁",20226500
47.0,브로커,2022-06-08,12587208030.0,0.005,12587208030.0,1261258.0,1261258.0,1594.0,66210.0,한국,한국,영화사 집,(주)씨제이이엔엠,12세이상관람가,드라마,고레에다 히로카즈,"송강호,강동원,배두나,이지은,이주영,임승수,박지용,김선영,이무생,이동휘,김새벽,백현진,오희준,류경수,종호,성유빈,박강섭,김금순,강길우,김예은,류지안,윤슬,장혜민,정종열,최희진,이도군,김도연,최효상,강민지,이가경,양권석,이두석,박종현,전선호,박영준,황도윤,김다나,김수현,배가진,김진아,나경철,이가은혜,송새벽,박해준,정지우,이도군,윤슬",20206257
48.0,"오늘 밤, 세계에서 이 사랑이 사라진다 해도",2022-11-30,11996684809.0,0.005,11996684809.0,1183536.0,1183536.0,439.0,48582.0,일본,일본,,"(주)바이포엠스튜디오,홀리가든",12세이상관람가,멜로/로맨스,미키 타카히로,"미치에다 슌스케,후쿠모토 리코,후루카와 코토네,마츠모토 호노카",20228313
49.0,건국전쟁,2024-02-01,10902194514.0,0.004,10902194514.0,1173337.0,1173337.0,956.0,49141.0,한국,한국,다큐스토리,다큐스토리,12세이상관람가,다큐멘터리,김덕영,,20247074
50.0,인생은 아름다워,2022-09-28,10906511019.0,0.004,10906511019.0,1172742.0,1172742.0,1285.0,106987.0,한국,한국,더램프(주),롯데컬처웍스(주)롯데엔터테인먼트,12세이상관람가,뮤지컬,최국희,"김동국,류승룡,염정아,박세완,옹성우,심달기,정현정,하현상,김다인,유순웅,이세령,김민체,조승연,조수지,변진수,문정대,박경근,김호준,정영섭,박경찬,황정윤,한이진,김영준,남성호,이희규,김진아,전무송,박영규,김혜옥,신신애,김종수,고창석,염혜란,김선영,류현경",20198317
51.0,드림,2023-04-26,10821044597.0,0.004,10821044597.0,1128375.0,1128375.0,1285.0,61737.0,한국,한국,"(주)옥토버시네마,(주)노브레이크필름",플러스엠 엔터테인먼트,12세이상관람가,"코미디,드라마",이병헌,"박서준,아이유,김종수,고창석,정승길,이현우,양현민,홍완표,허준석,이하늬,박선웅,박재철,홍지석",20248879
52.0,비공식작전,2023-08-02,10192841216.0,0.004,10192841216.0,1058745.0,1058745.0,1151.0,45083.0,한국,한국,"(주)와인드업필름,와이낫필름",(주)쇼박스,12세이상관람가,드라마,김성훈,"하정우,주지훈,권은성,홍지석,임형국,김응수,김종수,박혁권,유승목,한수현,최정우,장소연",20193879
53.0,1947 보스톤,2023-09-27,9471262798.0,0.004,9471262798.0,1027545.0,1027545.0,1282.0,63553.0,한국,한국,"(주)비에이엔터테인먼트,(주)빅픽쳐","롯데컬처웍스(주)롯데엔터테인먼트,(주)콘텐츠지오,주식회사 에이투지엔터테인먼트",12세이상관람가,드라마,강제규,"하정우,임시완,배성우,김상호,오희준,박효주,서정연,최규환,송영창,이규복,정영주,박서원,박은빈,임현성,김정철,리민,윤희철,김서현,최종률,김민경,홍성덕,양지수,김환영,황자능,김수혁,서동규,안태준,구자건,이태형,이한종,천재홍,노형원,주영호,윤부진,정미남,조혜선,정익한,박기선,오경주,양소민,조홍우,양지수,최상재,정재윤,진범일",20197122
54.0,댓글부대,2024-03-27,9239971711.0,0.003,9239971711.0,972914.0,972914.0,1228.0,67710.0,한국,한국,(주)영화적순간,(주)에이스메이커무비웍스,15세이상관람가,"범죄,드라마",안국진,"손석구,김성철,김동휘,홍경,이찬유",20231041
55.0,신차원! 짱구는 못말려 더 무비 초능력 대결전 ~날아라 수제김밥~,2023-12-22,9142532236.0,0.003,9142532236.0,945457.0,945457.0,883.0,39980.0,일본,일본,,(주)씨제이이엔엠,전체관람가,애니메이션,오네 히토시,,20236146
56.0,스파이더맨: 어크로스 더 유니버스,2023-06-21,9521750396.0,0.004,9521750396.0,923007.0,923007.0,1103.0,47346.0,미국,미국,,소니픽쳐스엔터테인먼트코리아주식회사극장배급지점,전체관람가,애니메이션,호아킴 도스 산토스,"샤메익 무어,헤일리 스테인펠드,제이크 존슨,브라이언 타이리 헨리,오스카 아이삭",20232180
57.0,데시벨,2022-11-16,8852632146.0,0.003,8852632146.0,901426.0,901426.0,1152.0,55355.0,한국,한국,"이스트드림시노펙스(주),(주)기억속의매미",(주)마인드마크,12세이상관람가,액션,황인호,"김래원,채시은,임병훈,정상훈,이종석,박병은,이상희,김정우,나현우,박성훈,조인우,이종욱,박진수,신윤주,조달환,우지현,노성은,이승훈,윤정열,김건,장세원,안태환,류시안,명홍진,한민엽,권동호,김진환,위민국,김호준,손윤환,오동훈,김창헌,이한주,손승범,이화영,한기찬,정원석,김이준,신영찬,성백인,김동훈,김동연,류필립,정율건,장용희,이영훈,박수현,조강혁,장민수,이후림,이재준,차은우,이민기,김슬기,강경헌,차정환,최미라,한상경,김태훈,유민석,이승준,정우혁,한창현,고태영,김현동,윤지희,윤현길,손광익,박지원,서지원,최현주,임서영,이현하,손서영,이정준,안다정,감승민,윤기창,원시현,김하랑,설윤지,정현지,이윤호,차재현,최윤빈,임병택,정현옥,형영선,정재훈,조한결,김장원,이나민,오은지,전한나,전아희,윤재형,김진우,신치영,정다온,장은주",20217905
58.0,정직한 후보2,2022-09-28,8447760162.0,0.003,8447760162.0,899899.0,899899.0,1318.0,77223.0,한국,한국,"(주)수필름,(주)홍필름",(주)넥스트엔터테인먼트월드(NEW),12세이상관람가,코미디,장유정,"라미란,김무열,윤경호,서현우,박진주,윤두준,김용림,신재휘,배해선,성열석,이진희,장원형,박주용,임영우,신윤정,김귀선,하성광,정영기,류경환,정예훈,이혜라,홍승균,한창현,정혜경,한동호,김석영,채수연,박선혜,오재세,김아라,유형준,임태훈,정우혁,유일한,문규민,강숙,조용환,변동욱,홍인아,김태율,황우상,유영복,박재완,오규택,이은석,차정민,오윤수,이명자,이순풍,임용순,김동인,나호숙,김지혜,임승묵,이태영,유준상,김재화,김지성,온주완,윤사봉,나문희,이동찬,이재은",20219628
59.0,아쿠아맨과 로스트 킹덤,2023-12-20,8990202656.0,0.003,8990202656.0,878012.0,878012.0,965.0,36735.0,미국,미국,,워너브러더스 코리아(주),12세이상관람가,"액션,어드벤처,판타지",제임스 완,"제이슨 모모아,패트릭 윌슨,야히아 압둘 마틴 2세,앰버 허드,니콜 키드먼",20235735
61.0,인디아나 존스: 운명의 다이얼,2023-06-28,8504251466.0,0.003,8504251466.0,860470.0,860470.0,1268.0,46174.0,미국,미국,,월트디즈니컴퍼니코리아 유한책임회사,12세이상관람가,"어드벤처,액션",제임스 맨골드,"해리슨 포드,안토니오 반데라스,존 라이스 데이비스,매즈 미켈슨",20232273
62.0,극장판 짱구는 못말려: 수수께끼! 꽃피는 천하떡잎학교,2022-09-28,8371600924.0,0.003,8371600924.0,837755.0,837755.0,873.0,41975.0,일본,일본,,(주)씨제이이엔엠,전체관람가,애니메이션,타카하시 와타루,,20226777
63.0,장화신은 고양이: 끝내주는 모험,2023-01-04,7928562363.0,0.003,7928562363.0,836987.0,836987.0,924.0,43493.0,미국,미국,,유니버설픽쳐스인터내셔널 코리아(유),전체관람가,애니메이션,조엘 크로포드,"안토니오 반데라스,셀마 헤이엑,올리비아 콜맨,하비 길렌,샘슨 카요,와그너 모라,안토니 멘데즈,존 멀레이니,플로렌스 퓨,더바인 조이 랜돌프,레이 윈스톤",20224109
64.0,명탐정코난: 흑철의 어영,2023-07-20,7705318105.0,0.003,7705318105.0,801511.0,801511.0,1030.0,34473.0,일본,일본,,(주)씨제이이엔엠,12세이상관람가,애니메이션,타치카와 유즈루,,20232536
65.0,블랙 아담,2022-10-19,8040723608.0,0.003,8040723608.0,779485.0,779485.0,1524.0,77116.0,미국,미국,,워너브러더스 코리아(주),12세이상관람가,"액션,어드벤처,SF",자움 콜렛 세라,"드웨인 존슨,노아 센티네오,피어스 브로스넌,퀸테사 스윈들,알디스 호지,사라 샤이",20226886
66.0,트랜스포머: 비스트의 서막,2023-06-06,7786907316.0,0.003,7786907316.0,769993.0,769993.0,1123.0,45195.0,미국,미국,파라마운트 픽쳐스,롯데컬처웍스(주)롯데엔터테인먼트,12세이상관람가,액션,스티븐 카플 주니어,"안소니 라모스,피터 딘클리지",20232025
67.0,대외비,2023-03-01,7469378721.0,0.003,7469378721.0,756355.0,756355.0,1157.0,53616.0,한국,한국,"(주)트윈필름,(주)비에이엔터테인먼트",플러스엠 엔터테인먼트,15세이상관람가,"범죄,드라마",이원태,"조진웅,이성민,김무열,원현준,김민재,유승목,김윤성,박세진,손여은,이상원,박정표,박상원,허지원,정기섭,박기선,한갑수,문정대,박상규,손성찬,엄옥란,박재원,양정인,곽진,이상협,권혁성,우수빈,김제형,김수환,문순주,최병윤,김성곤,박시완,최현도,여이레,정소리,윤도영,김진,문지영,허민아,김형명,이원진,정조준,최동구,이형원,김민준,이정우,유상재,양택호,이태일,김미현,임종훈,김탁,이유주,송용환,김가은,조영진,최민철",20208962
68.0,자백,2022-10-26,7352661230.0,0.003,7352661230.0,738154.0,738154.0,1115.0,78572.0,한국,한국,리얼라이즈픽쳐스(주),롯데컬처웍스(주)롯데엔터테인먼트,15세이상관람가,"범죄,스릴러",윤종석,"김도형,소지섭,김윤진,나나,최광일,박현숙,홍서준,박미현,서영주,황선희,한갑수,김용호,이강진,정청민,박지열,안문주,배재완,조진결,유건우,김관수,안애경,이동규,마정필,원동연,신훈희,김빛나래,백승훈,정윤하,이민식,이승현,김경석,오지영,진범일,김제형,최일순,한동원,유인혜,김시우,선율우,이재경,안세진,홍달표,박시현,문헌주,김흥태",20198429
70.0,극장판 짱구는 못말려: 동물소환 닌자 배꼽수비대,2023-05-04,7262598609.0,0.003,7262598609.0,732188.0,732188.0,844.0,28899.0,일본,일본,,(주)씨제이이엔엠,전체관람가,애니메이션,하시모토 마사카즈,,20231348
71.0,프레디의 피자가게,2023-11-15,6960971006.0,0.003,6960971006.0,712361.0,712361.0,1041.0,35047.0,미국,미국,유니버설픽쳐스인터내셔널 코리아(유),유니버설픽쳐스인터내셔널 코리아(유),12세이상관람가,"공포(호러),스릴러",엠마 타미,"조쉬 허처슨,엘리자베스 라일,캣 코너 스털링,파이퍼 루비오,메리 스튜어트 매스터슨,매튜 릴라드",20235030
72.0,리바운드,2023-04-05,6708546948.0,0.003,6708546948.0,699723.0,699723.0,1154.0,56701.0,한국,한국,"(주)비에이엔터테인먼트,워크하우스컴퍼니(주)",(주)바른손이앤에이,12세이상관람가,드라마,장항준,"홍성우,나현우,김영훈,배진완,안재홍,이신영,정진운,정건주,김민,안지호,이준혁,김회진,김수진,강애심,민무제,최정윤,배성일,강신철,유인혜,송창규,이상원,이태영,백도겸,오현수,서자영,정서인,전영,윤인조,김용현,조준기,양한열,송예슬,김희상,변진수,유순웅,박경관,장준혁,정승원,김정한,이진혁,박시환,이남우,김방선,이형석,이은주,김종은,노경,유인혁,정윤호,한주희,백재민,이순원,성도현,정대경,이준서,김서원,김병준,조윤담,현진호,이진한,안정빈,한대훈,박건우,장현성,박상면,박재민",20226489
73.0,더 마블스,2023-11-08,6841156465.0,0.003,6841156465.0,690814.0,690814.0,1532.0,66818.0,미국,미국,,월트디즈니컴퍼니코리아 유한책임회사,12세이상관람가,"액션,SF",니아 다코스타,"브리 라슨,테요나 패리스,이만 벨라니,자웨 애쉬튼,사무엘 L. 잭슨,박서준",20235034
74.0,귀공자,2023-06-21,6704211465.0,0.003,6704211465.0,682856.0,682856.0,966.0,44887.0,한국,한국,"(주)영화사 금월,(주)스튜디오앤뉴",(주)넥스트엔터테인먼트월드(NEW),청소년관람불가,액션,박훈정,"정예지,김선호,강태주,김강우,고아라,손정아",20211937
75.0,유령,2023-01-18,6760765879.0,0.003,6760765879.0,664146.0,664146.0,1099.0,46961.0,한국,한국,더램프(주),(주)씨제이이엔엠,15세이상관람가,"드라마,액션",이해영,"설경구,이하늬,박소담,박해수,서현우,김동희,김중희,고인범,조하석,서진원,유경훈,박상훈,김명선,한우열,윤정섭,손경표,김영택,김형서,박가영,금새록,공대유,김혜옥,김종수,이솜,이주영",20217009
76.0,인어공주,2023-05-24,6668613190.0,0.003,6668613190.0,647706.0,647706.0,1364.0,37592.0,미국,미국,,월트디즈니컴퍼니코리아 유한책임회사,전체관람가,"뮤지컬,가족,판타지,멜로/로맨스",롭 마샬,"멜리사 맥카시,하비에르 바르뎀,아콰피나",20235562
77.0,플래시,2023-06-14,6735756989.0,0.003,6735756989.0,635269.0,635269.0,1258.0,43343.0,미국,미국,,워너브러더스 코리아(주),12세이상관람가,액션,안드레스 무시에티,"에즈라 밀러,마이클 키튼",20231971
79.0,압꾸정,2022-11-30,5727172661.0,0.002,5727172661.0,608639.0,608639.0,1229.0,47410.0,한국,한국,"주식회사 빅펀치픽쳐스,(주)홍필름,(주)비에이엔터테인먼트",(주)쇼박스,12세이상관람가,"코미디,드라마",임진순,"마동석,도희원,정경호,오나라,최병모,오연서,류승수,임형준,나광훈,길해연,차우진,김찬형,한보름,김서연,남미정,박지훈,장명진,조용근,정지소,진선규,김숙,오희준,이재성,송진희,최형욱,김영미",20205106
80.0,바비,2023-07-19,5760348243.0,0.002,5760348243.0,586371.0,586371.0,780.0,27733.0,미국,미국,,워너브러더스 코리아(주),12세이상관람가,기타,그레타 거윅,"마고 로비,라이언 고슬링,아메리카 페레라,케이트 맥키넌,잇사 레이,두아 리파,시무 리우",20235270
81.0,극장판 포켓몬스터DP: 기라티나와 하늘의 꽃다발 쉐이미,2022-06-01,5477045710.0,0.002,5477045710.0,581216.0,581216.0,809.0,14101.0,일본,일본,,(주)넥스트엔터테인먼트월드(NEW),전체관람가,애니메이션,유야마 쿠니히코,"마츠모토 리카,오오타니 이쿠에,이선호,김영선",20135304
82.0,남은 인생 10년,2023-05-24,5676689089.0,0.002,5676689089.0,558330.0,558330.0,529.0,31046.0,일본,일본,,"(주)바이포엠스튜디오,(주)디스테이션",12세이상관람가,멜로/로맨스,후지이 미치히토,"고마츠 나나,사카구치 켄타로,쿠로키 하루,마츠시게 유타카,릴리 프랭키",20231677
83.0,괴물,2023-11-29,5284514148.0,0.002,5284514148.0,536281.0,536281.0,647.0,30884.0,일본,일본,,(주)넥스트엔터테인먼트월드(NEW),12세이상관람가,"드라마,미스터리",고레에다 히로카즈,"안도 사쿠라,다나카 유코,나가야마 에이타,쿠로카와 소야,히이라기 히나타",20235360
84.0,"귀멸의 칼날: 상현집결, 그리고 도공 마을로",2023-03-02,6586552900.0,0.002,6586552900.0,535969.0,535969.0,410.0,20955.0,일본,일본,,(주)디스테이션,15세이상관람가,애니메이션,소토자키 하루오,"하나에 나츠키,키토 아카리,시모노 히로,마츠오카 요시츠구",20230533
85.0,3일의 휴가,2023-12-06,4945528917.0,0.002,4945528917.0,527989.0,527989.0,863.0,32779.0,한국,한국,글뫼 주식회사,(주)쇼박스,12세이상관람가,"판타지,드라마",육상효,"김해숙,신민아,강기영,황보라,박명훈",20190324
86.0,더 문,2023-08-02,5207712778.0,0.002,5207712778.0,516556.0,516556.0,1187.0,30181.0,한국,한국,"씨제이이엔엠 스튜디오스 주식회사,블라드스튜디오",(주)씨제이이엔엠,12세이상관람가,"SF,액션,드라마",김용화,"설경구,도경수,김희애,박병은,조한철,최병모,홍승희,최형욱,이성민,김래원,이이경,최정우,백승철,한수현,전신환,이상원,염지영,정윤하,심영은,박충환,백승현,조승연,이윤재,최대성,강내균,강민재,강준석,김기태,김도형,김시국,김예은,김진태,김희성,박인국,여이레,이나현,임소현,장은서,차영주,채하니,최필상,허중회,순정,황재운,황재훈,김혜원,김상호,김난영,김준범,한승엽,정지우,최혜진,신서우,이지유,박현준,김상욱,백수진,장은서,전성아,홍성오,황인성",20218935
87.0,고질라 X 콩: 뉴 엠파이어,2024-03-27,5110301281.0,0.002,5110301281.0,510292.0,510292.0,995.0,37754.0,미국,미국,,워너브러더스 코리아(주),12세이상관람가,"액션,어드벤처,SF",아담 윈가드,"댄 스티븐스,레베카 홀,브라이언 타이리 헨리",20248496
89.0,"귀멸의 칼날: 인연의 기적, 그리고 합동 강화 훈련으로",2024-02-14,5625264900.0,0.002,5625264900.0,497320.0,497320.0,393.0,26054.0,일본,일본,,씨제이 씨지브이(CJ CGV)(주),15세이상관람가,애니메이션,소토자키 하루오,,20247076
90.0,명탐정 코난: 할로윈의 신부,2022-07-13,5160153224.0,0.002,5160153224.0,495842.0,495842.0,758.0,19672.0,일본,일본,,(주)씨제이이엔엠,12세이상관람가,애니메이션,미츠나카 스스무,,20225237
91.0,동감,2022-11-16,4755257700.0,0.002,4755257700.0,490145.0,490145.0,1013.0,37451.0,한국,한국,(주)고고스튜디오,씨제이 씨지브이(CJ CGV)(주),12세이상관람가,멜로/로맨스,서은영,"신기환,여진구,조이현,김혜윤,나인우,배인혁,노재원,남민우,신주협,여주하,임유빈,김보윤,김수혁,박지안,이지연,하동준,문창준,강동진,전윤혁,이기욱,박정환,차현주,장원석,고국희,채승우,박대영,이동현,한명환,김다영,박종희,장윤,신기환,최광균,이석엽,지성준,전준수,김시현,백길찬,김기태,이호윤,박찬혁,오승희,신기한,김용진,송우림,구금비,오상의,박준호,조태호,이주예,송채연,류인아,이지혜,이수민,윤상영,양은솔,유재명,박하선",20224598
92.0,소년들,2023-11-01,4470423586.0,0.002,4470423586.0,471425.0,471425.0,1042.0,43356.0,한국,한국,"(주)아우라픽처스,(주)씨제이이엔엠",(주)씨제이이엔엠,15세이상관람가,"드라마,범죄",정지영,"설경구,유준상,진경,허성태,염혜란,김동영,김시운,유수빈,조현도,김도엽,서인국,배유람,하도권,이호철,윤병희,이가경,조유하,정원중,박철민,박희진,한수연,이정현,이요섭,정예진,이예원,윤설,서예화,노진원,노진원,조진웅,박소이,박원상,이광연,윤진영,김재록,주부진,조정환,하정민,정형기,이서환,이승훈,이도군,리우진",20200622
93.0,늑대사냥,2022-09-21,4769650393.0,0.002,4769650393.0,458720.0,458720.0,1226.0,39242.0,한국,한국,"(주)콘텐츠지,(주)영화사채움","TCO(주)더콘텐츠온,씨제이 씨지브이(CJ CGV)(주)",청소년관람불가,"액션,범죄",김홍선,"김세중,서인국,장동윤,최귀화,성동일,박호산,정소민,고창석,장영남,손종학,이성욱,홍지윤,정문성,임주환,권오율,김문학,김찬형,정수교,심우성,정재훈,유현수,김기창,엄준기,박봉준,신성민,강신철,이승훈,박민석,안지혜,강정우,김대한,김진만,조성구,윤기창,김철윤,송지혁,손현준,양승호,전우재,김해준,지남혁,김성령,정원영,장재호,김민철,이종윤,조형래,김태준,서석규,윤돈선,최현준,김원중,이재호,조기태,박선준,정하준,서정우,황명환,구민혁,임지섭,이원행,최우빈,장솔,김재명,안현준,김선민,신동력,김현,차영주,김용훈,조연희,최상식,박승진,천재홍,유상재,장주완,강용규,황인환,이병호,이충식,이원행,최광휘,김대연,송원종,이혜미,이시안,이정우,한태양,김태윤,김민수,김정훈,정시훈,최영우,안현준,김한준,이성민,김현진,김바비,서정빈,백승익,송원종,김대근,안현준,최광휘,송지민,김민석,김도환,서정원,신승환,정성일,권율,권수현,이홍내,김강훈,전혜원,박성현",20211472
95.0,뽀로로 극장판 드래곤캐슬 대모험,2022-07-28,4215596775.0,0.002,4215596775.0,451136.0,451136.0,748.0,17949.0,한국,한국,(주)오콘,(주)넥스트엔터테인먼트월드(NEW),전체관람가,애니메이션,"강승훈,윤제완","이선,이미자,김현지,홍소영,정미숙,김서영,김환진,소연,김혜성,이장원,사문영,엄상현",20225190
96.0,신비아파트 극장판 차원도깨비와 7개의 세계,2022-12-14,4129728321.0,0.002,4129728321.0,432388.0,432388.0,686.0,17355.0,한국,한국,(주)씨제이이엔엠,(주)씨제이이엔엠,전체관람가,애니메이션,변영규,"김영은,김채하,신용우,조현정,양정화,강새봄,김명준,김현수,박성태,김율,강성우,유혜지,여민정,이달래,이우리,김동현,김윤기,황동현,채림,박이서",20228640
97.0,타겟,2023-08-30,4003424694.0,0.002,4003424694.0,424916.0,424916.0,986.0,43332.0,한국,한국,(주)영화사피어나,플러스엠 엔터테인먼트,15세이상관람가,스릴러,박희곤,"신혜선,김성균,임성재,강태오,임철수,이주영,금새록,노영학,김광현,조용준,최재섭,신승용,강내균,정우영,변진수,김원식,서덕인,송우림,정다온,박준희,김최용준,정재헌,민정기,신경석,이규섭,이연빈,박범수,전영,유정호,권구남,이민영,민채연,이은주,이서윤,유인서,오가빈,이혜준,김다한,지다연,최명빈,한이원,이육헌",20233014
98.0,스위치,2023-01-04,4015064694.0,0.002,4015064694.0,422417.0,422417.0,912.0,37589.0,한국,한국,(주)하이브미디어코프,롯데컬처웍스(주)롯데엔터테인먼트,12세이상관람가,기타,마대윤,"권상우,오정세,이민정,박소이,김준,김미경,김명선,이서환,차시원,성병숙,김승훈,윤대열,민태율,이가경,이세인,정형석,황병국,문정대,고기영,김용우,황사무엘,손석배,노경섭,이주한,백경선,김희정,이윤규,이현지,김진우,유재명,황승언,송영재,이지훈",20215315
99.0,놉,2022-08-17,4710335135.0,0.002,4710335135.0,416048.0,416048.0,1031.0,31747.0,미국,미국,,유니버설픽쳐스인터내셔널 코리아(유),12세이상관람가,"미스터리,공포(호러)",조던 필,"다니엘 칼루야,키키 팰머,스티븐 연,마이클 윈콧,브랜든 페레아",20219345
100.0,서치 2,2023-02-22,4084323024.0,0.002,4084323024.0,414598.0,414598.0,868.0,36910.0,미국,미국,,소니픽쳐스엔터테인먼트코리아주식회사극장배급지점,12세이상관람가,"미스터리,스릴러","니콜라스 D 존슨,윌 메릭","스톰 리드,켄 렁,다니엘 헤니,니아 롱",20239573
101.0,리멤버,2022-10-26,3970165717.0,0.002,3970165717.0,412836.0,412836.0,1189.0,51986.0,한국,한국,(주)영화사 월광,(주)에이스메이커무비웍스,15세이상관람가,드라마,이일형,"이성민,남주혁,박근형,정만식,윤제문,송영창,문창길,박병호,최민철,남문철,양현민,박세현,윤우,박서연,하도권,이승준,박민이,이서준,송유현,하영,김귀선,이창직,남민우,이우성,김우진,한사명,함희수,정순원,김훈만,정영섭,이재혁,조태일,박성현,공경배,황연희,설창희,권범택,남상지,윤기창,박진영,이지유,김율호,강충훈,권반석,구자건,정충구,김민체,배명진,윤세웅,백익남,최솔희,권민경,오유미,이승준,한창현,박충환,서동복,강춘성,배기림,김도경,전두현,김태웅,김성곤,한지호,반혜영,조현수,김해준,이우주,진범일,노희중,한명철,곽나연,백승환,김윤찬,이정철,최기상,김성하,박병관,송경아,박용복,황영수,강종성,김상동,김지현,채승혜,박혜영,정예서,이다정,서호준,김관수,문지현,홍인아,정상현,김홍파,김근영,정한빈",20209246
102.0,트롤: 밴드 투게더,2023-12-20,3756959485.0,0.001,3756959485.0,407589.0,407589.0,845.0,15172.0,미국,미국,,유니버설픽쳐스인터내셔널 코리아(유),전체관람가,애니메이션,월트 도른,"안나 켄드릭,저스틴 팀버레이크,주이 디샤넬,에이미 슈머,앤드류 라넬스",20235596
103.0,인시디어스: 빨간 문,2023-07-19,4096944506.0,0.002,4096944506.0,401656.0,401656.0,758.0,18759.0,미국,미국,,소니픽쳐스엔터테인먼트코리아주식회사극장배급지점,15세이상관람가,공포(호러),패트릭 윌슨,"패트릭 윌슨,타이 심킨스",20232778
104.0,싱글 인 서울,2023-11-29,3748657012.0,0.001,3748657012.0,400681.0,400681.0,917.0,32608.0,한국,한국,"(주)디씨지플러스,(주)명필름,(주)인사이트필름",롯데컬처웍스(주)롯데엔터테인먼트,12세이상관람가,"멜로/로맨스,코미디",박범수,"이동욱,임수정,이솜,장현성,김지영,이미도,이상이,지이수,조영진,손지나,박슬기,한종훈,강인기,윤계상,조달환,정우영,김미수,류혜린,박유밀,한사명,송훈,윤대열,임우철,홍성덕,윤혜리,조민국,이태형,황대기,안희주,장래군,박병우,방예인,설찬미,한동희,이한종,구시연,이동건,오준혁,황기석,김예지",20202247
105.0,카운트,2023-02-22,3784714091.0,0.001,3784714091.0,398542.0,398542.0,946.0,37255.0,한국,한국,"(주)필름케이,(주)26컴퍼니",(주)씨제이이엔엠,12세이상관람가,드라마,권혁재,"진선규,김지창,성유빈,고창석,오나라,장동주,고규필,한태경,김욱인,이종화,최형태,추정훈,태인호,차순배,이준혁,이홍내,우정원,한철우,전승재,이일화,박성근,김한종,이윤희,전승재,임정민",20193706
106.0,뽀로로 극장판 슈퍼스타 대모험,2023-12-13,3533478203.0,0.001,3533478203.0,387491.0,387491.0,850.0,18257.0,한국,한국,(주)오콘,씨제이 씨지브이(CJ CGV)(주),전체관람가,애니메이션,"윤제완,김성민","이선,이미자,함수정,홍소영,정미숙,김서영,김환진,사문영,한신,심규혁,김율,황창영",20234673
